title,link,stats
中山大学,https://s.weibo.com/weibo?q=%23%E4%B8%AD%E5%B1%B1%E5%A4%A7%E5%AD%A6%23,23.5万讨论 8.5亿阅读
中山大学百年校庆倒计时200天,https://s.weibo.com/weibo?q=%23%E4%B8%AD%E5%B1%B1%E5%A4%A7%E5%AD%A6%E7%99%BE%E5%B9%B4%E6%A0%A1%E5%BA%86%E5%80%92%E8%AE%A1%E6%97%B6200%E5%A4%A9%23,2169讨论 80.3万阅读
小米联合创始人夫妇向中山大学捐赠1亿元,https://s.weibo.com/weibo?q=%23%E5%B0%8F%E7%B1%B3%E8%81%94%E5%90%88%E5%88%9B%E5%A7%8B%E4%BA%BA%E5%A4%AB%E5%A6%87%E5%90%91%E4%B8%AD%E5%B1%B1%E5%A4%A7%E5%AD%A6%E6%8D%90%E8%B5%A01%E4%BA%BF%E5%85%83%23,6172讨论 8868.8万阅读
中山大学集体患癌,https://s.weibo.com/weibo?q=%23%E4%B8%AD%E5%B1%B1%E5%A4%A7%E5%AD%A6%E9%9B%86%E4%BD%93%E6%82%A3%E7%99%8C%23,1.9万讨论 2479万阅读
在中山大学共赴宫崎骏的人生之约,https://s.weibo.com/weibo?q=%23%E5%9C%A8%E4%B8%AD%E5%B1%B1%E5%A4%A7%E5%AD%A6%E5%85%B1%E8%B5%B4%E5%AE%AB%E5%B4%8E%E9%AA%8F%E7%9A%84%E4%BA%BA%E7%94%9F%E4%B9%8B%E7%BA%A6%23,4677讨论 219.3万阅读
中山大学南方学院晨跑,https://s.weibo.com/weibo?q=%23%E4%B8%AD%E5%B1%B1%E5%A4%A7%E5%AD%A6%E5%8D%97%E6%96%B9%E5%AD%A6%E9%99%A2%E6%99%A8%E8%B7%91%23,392讨论 312.8万阅读
中山大学与李某某解除合同,https://s.weibo.com/weibo?q=%23%E4%B8%AD%E5%B1%B1%E5%A4%A7%E5%AD%A6%E4%B8%8E%E6%9D%8E%E6%9F%90%E6%9F%90%E8%A7%A3%E9%99%A4%E5%90%88%E5%90%8C%23,778讨论 2072.9万阅读
中山大学通报赵某晨造谣多名女生,https://s.weibo.com/weibo?q=%23%E4%B8%AD%E5%B1%B1%E5%A4%A7%E5%AD%A6%E9%80%9A%E6%8A%A5%E8%B5%B5%E6%9F%90%E6%99%A8%E9%80%A0%E8%B0%A3%E5%A4%9A%E5%90%8D%E5%A5%B3%E7%94%9F%23,6.9万讨论 3.1亿阅读
中山大学教授大战猴子,https://s.weibo.com/weibo?q=%23%E4%B8%AD%E5%B1%B1%E5%A4%A7%E5%AD%A6%E6%95%99%E6%8E%88%E5%A4%A7%E6%88%98%E7%8C%B4%E5%AD%90%23,229讨论 290.2万阅读
中山大学南方学院,https://s.weibo.com/weibo/%23%E4%B8%AD%E5%B1%B1%E5%A4%A7%E5%AD%A6%E5%8D%97%E6%96%B9%E5%AD%A6%E9%99%A2%23,2.5万讨论 866.5万阅读
中山大学录取通知书内有云南普洱茶,https://s.weibo.com/weibo?q=%23%E4%B8%AD%E5%B1%B1%E5%A4%A7%E5%AD%A6%E5%BD%95%E5%8F%96%E9%80%9A%E7%9F%A5%E4%B9%A6%E5%86%85%E6%9C%89%E4%BA%91%E5%8D%97%E6%99%AE%E6%B4%B1%E8%8C%B6%23,7855讨论 2.1亿阅读
中山大学通报李某某出轨女博后,https://s.weibo.com/weibo?q=%23%E4%B8%AD%E5%B1%B1%E5%A4%A7%E5%AD%A6%E9%80%9A%E6%8A%A5%E6%9D%8E%E6%9F%90%E6%9F%90%E5%87%BA%E8%BD%A8%E5%A5%B3%E5%8D%9A%E5%90%8E%23,475讨论 627.8万阅读
中山大学考研,https://s.weibo.com/weibo?q=%23%E4%B8%AD%E5%B1%B1%E5%A4%A7%E5%AD%A6%E8%80%83%E7%A0%94%23,7758讨论 1721万阅读
卓亦谦导演在中山大学聊年少日记,https://s.weibo.com/weibo?q=%23%E5%8D%93%E4%BA%A6%E8%B0%A6%E5%AF%BC%E6%BC%94%E5%9C%A8%E4%B8%AD%E5%B1%B1%E5%A4%A7%E5%AD%A6%E8%81%8A%E5%B9%B4%E5%B0%91%E6%97%A5%E8%AE%B0%23,3453讨论 323.7万阅读
中山大学回应,https://s.weibo.com/weibo/%23%E4%B8%AD%E5%B1%B1%E5%A4%A7%E5%AD%A6%E5%9B%9E%E5%BA%94%23,1.9万讨论 3亿阅读
陕西小伙26岁任中山大学副教授,https://s.weibo.com/weibo?q=%23%E9%99%95%E8%A5%BF%E5%B0%8F%E4%BC%9926%E5%B2%81%E4%BB%BB%E4%B8%AD%E5%B1%B1%E5%A4%A7%E5%AD%A6%E5%89%AF%E6%95%99%E6%8E%88%23,310讨论 90.4万阅读
中山大学通报贫困生炫富事件,https://s.weibo.com/weibo?q=%23%E4%B8%AD%E5%B1%B1%E5%A4%A7%E5%AD%A6%E9%80%9A%E6%8A%A5%E8%B4%AB%E5%9B%B0%E7%94%9F%E7%82%AB%E5%AF%8C%E4%BA%8B%E4%BB%B6%23,1.8万讨论 1.3亿阅读
中山大学副教授否认燕窝是智商税,https://s.weibo.com/weibo?q=%23%E4%B8%AD%E5%B1%B1%E5%A4%A7%E5%AD%A6%E5%89%AF%E6%95%99%E6%8E%88%E5%90%A6%E8%AE%A4%E7%87%95%E7%AA%9D%E6%98%AF%E6%99%BA%E5%95%86%E7%A8%8E%23,9444讨论 2.1亿阅读
中山大学华南理工浪尖之争太上头了,https://s.weibo.com/weibo?q=%23%E4%B8%AD%E5%B1%B1%E5%A4%A7%E5%AD%A6%E5%8D%8E%E5%8D%97%E7%90%86%E5%B7%A5%E6%B5%AA%E5%B0%96%E4%B9%8B%E4%BA%89%E5%A4%AA%E4%B8%8A%E5%A4%B4%E4%BA%86%23,4.1万讨论 1亿阅读
中山大学法学院杨教授,https://s.weibo.com/weibo?q=%23%E4%B8%AD%E5%B1%B1%E5%A4%A7%E5%AD%A6%E6%B3%95%E5%AD%A6%E9%99%A2%E6%9D%A8%E6%95%99%E6%8E%88%23,5.4万讨论 5854.8万阅读
中山大学教师王晓玮被解聘,https://s.weibo.com/weibo?q=%23%E4%B8%AD%E5%B1%B1%E5%A4%A7%E5%AD%A6%E6%95%99%E5%B8%88%E7%8E%8B%E6%99%93%E7%8E%AE%E8%A2%AB%E8%A7%A3%E8%81%98%23,5604讨论 8966.5万阅读
中山大学新华学院,https://s.weibo.com/weibo/%23%E4%B8%AD%E5%B1%B1%E5%A4%A7%E5%AD%A6%E6%96%B0%E5%8D%8E%E5%AD%A6%E9%99%A2%23,6844讨论 826.9万阅读
中山大学通报教师王晓玮不当行为,https://s.weibo.com/weibo?q=%23%E4%B8%AD%E5%B1%B1%E5%A4%A7%E5%AD%A6%E9%80%9A%E6%8A%A5%E6%95%99%E5%B8%88%E7%8E%8B%E6%99%93%E7%8E%AE%E4%B8%8D%E5%BD%93%E8%A1%8C%E4%B8%BA%23,1.4万讨论 1.1亿阅读
中山大学dota2夺冠,https://s.weibo.com/weibo?q=%23%E4%B8%AD%E5%B1%B1%E5%A4%A7%E5%AD%A6dota2%E5%A4%BA%E5%86%A0%23,1.3万讨论 2593.7万阅读
马克龙为何访问中山大学,https://s.weibo.com/weibo?q=%23%E9%A9%AC%E5%85%8B%E9%BE%99%E4%B8%BA%E4%BD%95%E8%AE%BF%E9%97%AE%E4%B8%AD%E5%B1%B1%E5%A4%A7%E5%AD%A6%23,1.2万讨论 2亿阅读
马克龙参访中山大学,https://s.weibo.com/weibo?q=%23%E9%A9%AC%E5%85%8B%E9%BE%99%E5%8F%82%E8%AE%BF%E4%B8%AD%E5%B1%B1%E5%A4%A7%E5%AD%A6%23,1.5万讨论 2.2亿阅读
中山大学南方学院没热水,https://s.weibo.com/weibo?q=%23%E4%B8%AD%E5%B1%B1%E5%A4%A7%E5%AD%A6%E5%8D%97%E6%96%B9%E5%AD%A6%E9%99%A2%E6%B2%A1%E7%83%AD%E6%B0%B4%23,99讨论 294.2万阅读
中山大学女生出柜,https://s.weibo.com/weibo/%23%E4%B8%AD%E5%B1%B1%E5%A4%A7%E5%AD%A6%E5%A5%B3%E7%94%9F%E5%87%BA%E6%9F%9C%23,6465讨论 2618.7万阅读
中山大学给湖北籍学生发慰问金,https://s.weibo.com/weibo?q=%23%E4%B8%AD%E5%B1%B1%E5%A4%A7%E5%AD%A6%E7%BB%99%E6%B9%96%E5%8C%97%E7%B1%8D%E5%AD%A6%E7%94%9F%E5%8F%91%E6%85%B0%E9%97%AE%E9%87%91%23,2584讨论 2396.7万阅读
中山大学复试线,https://s.weibo.com/weibo?q=%23%E4%B8%AD%E5%B1%B1%E5%A4%A7%E5%AD%A6%E5%A4%8D%E8%AF%95%E7%BA%BF%23,5408讨论 8630.1万阅读
中山大学考研复试线,https://s.weibo.com/weibo?q=%23%E4%B8%AD%E5%B1%B1%E5%A4%A7%E5%AD%A6%E8%80%83%E7%A0%94%E5%A4%8D%E8%AF%95%E7%BA%BF%23,4811讨论 2313.5万阅读
马克龙 中山大学,https://s.weibo.com/weibo?q=%23%E9%A9%AC%E5%85%8B%E9%BE%99%20%E4%B8%AD%E5%B1%B1%E5%A4%A7%E5%AD%A6%23,187讨论 105.5万阅读
中山大学研究用核技术灭蚊子,https://s.weibo.com/weibo?q=%23%E4%B8%AD%E5%B1%B1%E5%A4%A7%E5%AD%A6%E7%A0%94%E7%A9%B6%E7%94%A8%E6%A0%B8%E6%8A%80%E6%9C%AF%E7%81%AD%E8%9A%8A%E5%AD%90%23,5101讨论 8520.9万阅读
中山大学给湖北籍学生发1000元慰问金,https://s.weibo.com/weibo?q=%23%E4%B8%AD%E5%B1%B1%E5%A4%A7%E5%AD%A6%E7%BB%99%E6%B9%96%E5%8C%97%E7%B1%8D%E5%AD%A6%E7%94%9F%E5%8F%911000%E5%85%83%E6%85%B0%E9%97%AE%E9%87%91%23,1.2万讨论 3974.8万阅读
中山大学附属第三医院,https://s.weibo.com/weibo/%23%E4%B8%AD%E5%B1%B1%E5%A4%A7%E5%AD%A6%E9%99%84%E5%B1%9E%E7%AC%AC%E4%B8%89%E5%8C%BB%E9%99%A2%23,2873讨论 32.1万阅读
中山大学副研究员被举报出轨女博士后,https://s.weibo.com/weibo?q=%23%E4%B8%AD%E5%B1%B1%E5%A4%A7%E5%AD%A6%E5%89%AF%E7%A0%94%E7%A9%B6%E5%91%98%E8%A2%AB%E4%B8%BE%E6%8A%A5%E5%87%BA%E8%BD%A8%E5%A5%B3%E5%8D%9A%E5%A3%AB%E5%90%8E%23,4802讨论 6363万阅读
中山大学2.8号开学,https://s.weibo.com/weibo?q=%23%E4%B8%AD%E5%B1%B1%E5%A4%A7%E5%AD%A62.8%E5%8F%B7%E5%BC%80%E5%AD%A6%23,3670讨论 464.4万阅读
中山大学 古墓,https://s.weibo.com/weibo?q=%23%E4%B8%AD%E5%B1%B1%E5%A4%A7%E5%AD%A6%20%E5%8F%A4%E5%A2%93%23,8115讨论 4372.9万阅读
中山大学管理学院搬迁问题,https://s.weibo.com/weibo?q=%23%E4%B8%AD%E5%B1%B1%E5%A4%A7%E5%AD%A6%E7%AE%A1%E7%90%86%E5%AD%A6%E9%99%A2%E6%90%AC%E8%BF%81%E9%97%AE%E9%A2%98%23,123讨论 47.5万阅读
中山大学食堂饭菜男女同价不同量,https://s.weibo.com/weibo?q=%23%E4%B8%AD%E5%B1%B1%E5%A4%A7%E5%AD%A6%E9%A3%9F%E5%A0%82%E9%A5%AD%E8%8F%9C%E7%94%B7%E5%A5%B3%E5%90%8C%E4%BB%B7%E4%B8%8D%E5%90%8C%E9%87%8F%23,431讨论 292.2万阅读
中山大学癌症,https://s.weibo.com/weibo?q=%23%E4%B8%AD%E5%B1%B1%E5%A4%A7%E5%AD%A6%E7%99%8C%E7%97%87%23,3534讨论 433.9万阅读
河南大学也曾名为中山大学,https://s.weibo.com/weibo?q=%23%E6%B2%B3%E5%8D%97%E5%A4%A7%E5%AD%A6%E4%B9%9F%E6%9B%BE%E5%90%8D%E4%B8%BA%E4%B8%AD%E5%B1%B1%E5%A4%A7%E5%AD%A6%23,2.1万讨论 1.7亿阅读
中山大学通报贫困生被举报炫富,https://s.weibo.com/weibo?q=%23%E4%B8%AD%E5%B1%B1%E5%A4%A7%E5%AD%A6%E9%80%9A%E6%8A%A5%E8%B4%AB%E5%9B%B0%E7%94%9F%E8%A2%AB%E4%B8%BE%E6%8A%A5%E7%82%AB%E5%AF%8C%23,534讨论 345.6万阅读
中山大学新传考研,https://s.weibo.com/weibo/%23%E4%B8%AD%E5%B1%B1%E5%A4%A7%E5%AD%A6%E6%96%B0%E4%BC%A0%E8%80%83%E7%A0%94%23,703讨论 62.5万阅读
中山大学回应法学院一教师师德师风问题,https://s.weibo.com/weibo?q=%23%E4%B8%AD%E5%B1%B1%E5%A4%A7%E5%AD%A6%E5%9B%9E%E5%BA%94%E6%B3%95%E5%AD%A6%E9%99%A2%E4%B8%80%E6%95%99%E5%B8%88%E5%B8%88%E5%BE%B7%E5%B8%88%E9%A3%8E%E9%97%AE%E9%A2%98%23,4.5万讨论 3164.6万阅读
中山大学生物博物馆,https://s.weibo.com/weibo/%23%E4%B8%AD%E5%B1%B1%E5%A4%A7%E5%AD%A6%E7%94%9F%E7%89%A9%E5%8D%9A%E7%89%A9%E9%A6%86%23,131讨论 1.3万阅读
中山大学南校区逸夫楼,https://s.weibo.com/weibo/%23%E4%B8%AD%E5%B1%B1%E5%A4%A7%E5%AD%A6%E5%8D%97%E6%A0%A1%E5%8C%BA%E9%80%B8%E5%A4%AB%E6%A5%BC%23,4172讨论 99.6万阅读
中山大学生活区,https://s.weibo.com/weibo/%23%E4%B8%AD%E5%B1%B1%E5%A4%A7%E5%AD%A6%E7%94%9F%E6%B4%BB%E5%8C%BA%23,2539讨论 2.2万阅读
中山大学回应研究员被举报婚内出轨,https://s.weibo.com/weibo?q=%23%E4%B8%AD%E5%B1%B1%E5%A4%A7%E5%AD%A6%E5%9B%9E%E5%BA%94%E7%A0%94%E7%A9%B6%E5%91%98%E8%A2%AB%E4%B8%BE%E6%8A%A5%E5%A9%9A%E5%86%85%E5%87%BA%E8%BD%A8%23,33讨论 307.5万阅读
中山大学录取通知书好看又好喝,https://s.weibo.com/weibo?q=%23%E4%B8%AD%E5%B1%B1%E5%A4%A7%E5%AD%A6%E5%BD%95%E5%8F%96%E9%80%9A%E7%9F%A5%E4%B9%A6%E5%A5%BD%E7%9C%8B%E5%8F%88%E5%A5%BD%E5%96%9D%23,4241讨论 2508.9万阅读
中山大学学生诽谤同学被拘,https://s.weibo.com/weibo?q=%23%E4%B8%AD%E5%B1%B1%E5%A4%A7%E5%AD%A6%E5%AD%A6%E7%94%9F%E8%AF%BD%E8%B0%A4%E5%90%8C%E5%AD%A6%E8%A2%AB%E6%8B%98%23,299讨论 469.5万阅读
中山大学[超话],https://s.weibo.com/weibo?q=%23%E4%B8%AD%E5%B1%B1%E5%A4%A7%E5%AD%A6%5B%E8%B6%85%E8%AF%9D%5D%23,7.2万讨论 3094阅读
中山大学一学生诽谤同学被拘留,https://s.weibo.com/weibo?q=%23%E4%B8%AD%E5%B1%B1%E5%A4%A7%E5%AD%A6%E4%B8%80%E5%AD%A6%E7%94%9F%E8%AF%BD%E8%B0%A4%E5%90%8C%E5%AD%A6%E8%A2%AB%E6%8B%98%E7%95%99%23,2758讨论 1966.1万阅读
中山大学中山眼科中心附属眼科医院,https://s.weibo.com/weibo/%23%E4%B8%AD%E5%B1%B1%E5%A4%A7%E5%AD%A6%E4%B8%AD%E5%B1%B1%E7%9C%BC%E7%A7%91%E4%B8%AD%E5%BF%83%E9%99%84%E5%B1%9E%E7%9C%BC%E7%A7%91%E5%8C%BB%E9%99%A2%23,1239讨论 22.8万阅读
男子26岁任中山大学副教授,https://s.weibo.com/weibo?q=%23%E7%94%B7%E5%AD%9026%E5%B2%81%E4%BB%BB%E4%B8%AD%E5%B1%B1%E5%A4%A7%E5%AD%A6%E5%89%AF%E6%95%99%E6%8E%88%23,171讨论 631.6万阅读
中山大学通报,https://s.weibo.com/weibo/%23%E4%B8%AD%E5%B1%B1%E5%A4%A7%E5%AD%A6%E9%80%9A%E6%8A%A5%23,470讨论 351.9万阅读
中山大学 强制管理学院搬迁,https://s.weibo.com/weibo?q=%23%E4%B8%AD%E5%B1%B1%E5%A4%A7%E5%AD%A6%20%E5%BC%BA%E5%88%B6%E7%AE%A1%E7%90%86%E5%AD%A6%E9%99%A2%E6%90%AC%E8%BF%81%23,1692讨论 379万阅读
中山大学孙逸仙纪念医院,https://s.weibo.com/weibo/%23%E4%B8%AD%E5%B1%B1%E5%A4%A7%E5%AD%A6%E5%AD%99%E9%80%B8%E4%BB%99%E7%BA%AA%E5%BF%B5%E5%8C%BB%E9%99%A2%23,1857讨论 142.9万阅读
中山大学又现神秘古墓,https://s.weibo.com/weibo?q=%23%E4%B8%AD%E5%B1%B1%E5%A4%A7%E5%AD%A6%E5%8F%88%E7%8E%B0%E7%A5%9E%E7%A7%98%E5%8F%A4%E5%A2%93%23,1741讨论 9248万阅读
中山大学研究生没有毕业典礼,https://s.weibo.com/weibo?q=%23%E4%B8%AD%E5%B1%B1%E5%A4%A7%E5%AD%A6%E7%A0%94%E7%A9%B6%E7%94%9F%E6%B2%A1%E6%9C%89%E6%AF%95%E4%B8%9A%E5%85%B8%E7%A4%BC%23,1448讨论 157.9万阅读
中山大学附属肿瘤医院,https://s.weibo.com/weibo/%23%E4%B8%AD%E5%B1%B1%E5%A4%A7%E5%AD%A6%E9%99%84%E5%B1%9E%E8%82%BF%E7%98%A4%E5%8C%BB%E9%99%A2%23,1280讨论 15.7万阅读
中山大学学生造谣污蔑同学被拘,https://s.weibo.com/weibo?q=%23%E4%B8%AD%E5%B1%B1%E5%A4%A7%E5%AD%A6%E5%AD%A6%E7%94%9F%E9%80%A0%E8%B0%A3%E6%B1%A1%E8%94%91%E5%90%8C%E5%AD%A6%E8%A2%AB%E6%8B%98%23,3108讨论 77.2万阅读
中山大学通报副教授网课现不当行为,https://s.weibo.com/weibo?q=%23%E4%B8%AD%E5%B1%B1%E5%A4%A7%E5%AD%A6%E9%80%9A%E6%8A%A5%E5%89%AF%E6%95%99%E6%8E%88%E7%BD%91%E8%AF%BE%E7%8E%B0%E4%B8%8D%E5%BD%93%E8%A1%8C%E4%B8%BA%23,3515讨论 2043.9万阅读
中山大学外卖丢失情况频发,https://s.weibo.com/weibo?q=%23%E4%B8%AD%E5%B1%B1%E5%A4%A7%E5%AD%A6%E5%A4%96%E5%8D%96%E4%B8%A2%E5%A4%B1%E6%83%85%E5%86%B5%E9%A2%91%E5%8F%91%23,1.6万讨论 1364.4万阅读
中山大学通报贫困生炫富,https://s.weibo.com/weibo?q=%23%E4%B8%AD%E5%B1%B1%E5%A4%A7%E5%AD%A6%E9%80%9A%E6%8A%A5%E8%B4%AB%E5%9B%B0%E7%94%9F%E7%82%AB%E5%AF%8C%23,3913讨论 1571.8万阅读
中山大学毕业典礼,https://s.weibo.com/weibo/%23%E4%B8%AD%E5%B1%B1%E5%A4%A7%E5%AD%A6%E6%AF%95%E4%B8%9A%E5%85%B8%E7%A4%BC%23,1030讨论 135.9万阅读
中山大学回应副研究员被举报出轨,https://s.weibo.com/weibo?q=%23%E4%B8%AD%E5%B1%B1%E5%A4%A7%E5%AD%A6%E5%9B%9E%E5%BA%94%E5%89%AF%E7%A0%94%E7%A9%B6%E5%91%98%E8%A2%AB%E4%B8%BE%E6%8A%A5%E5%87%BA%E8%BD%A8%23,756讨论 767.4万阅读
中山大学发现古墓,https://s.weibo.com/weibo?q=%23%E4%B8%AD%E5%B1%B1%E5%A4%A7%E5%AD%A6%E5%8F%91%E7%8E%B0%E5%8F%A4%E5%A2%93%23,4240讨论 7126万阅读
中山大学今天开网课了吗,https://s.weibo.com/weibo?q=%23%E4%B8%AD%E5%B1%B1%E5%A4%A7%E5%AD%A6%E4%BB%8A%E5%A4%A9%E5%BC%80%E7%BD%91%E8%AF%BE%E4%BA%86%E5%90%97%23,985讨论 131.6万阅读
中山大学北校区,https://s.weibo.com/weibo/%23%E4%B8%AD%E5%B1%B1%E5%A4%A7%E5%AD%A6%E5%8C%97%E6%A0%A1%E5%8C%BA%23,2568讨论 179.9万阅读
中山大学中山医学院,https://s.weibo.com/weibo/%23%E4%B8%AD%E5%B1%B1%E5%A4%A7%E5%AD%A6%E4%B8%AD%E5%B1%B1%E5%8C%BB%E5%AD%A6%E9%99%A2%23,933讨论 4万阅读
中山大学通报副研究员出轨女博士后,https://s.weibo.com/weibo?q=%23%E4%B8%AD%E5%B1%B1%E5%A4%A7%E5%AD%A6%E9%80%9A%E6%8A%A5%E5%89%AF%E7%A0%94%E7%A9%B6%E5%91%98%E5%87%BA%E8%BD%A8%E5%A5%B3%E5%8D%9A%E5%A3%AB%E5%90%8E%23,47讨论 93.9万阅读
马克龙为什么要访问中山大学,https://s.weibo.com/weibo?q=%23%E9%A9%AC%E5%85%8B%E9%BE%99%E4%B8%BA%E4%BB%80%E4%B9%88%E8%A6%81%E8%AE%BF%E9%97%AE%E4%B8%AD%E5%B1%B1%E5%A4%A7%E5%AD%A6%23,491讨论 719万阅读
中山大学一学生诽谤他人被开除学籍,https://s.weibo.com/weibo?q=%23%E4%B8%AD%E5%B1%B1%E5%A4%A7%E5%AD%A6%E4%B8%80%E5%AD%A6%E7%94%9F%E8%AF%BD%E8%B0%A4%E4%BB%96%E4%BA%BA%E8%A2%AB%E5%BC%80%E9%99%A4%E5%AD%A6%E7%B1%8D%23,52讨论 90万阅读
中山大学附属第五医院,https://s.weibo.com/weibo/%23%E4%B8%AD%E5%B1%B1%E5%A4%A7%E5%AD%A6%E9%99%84%E5%B1%9E%E7%AC%AC%E4%BA%94%E5%8C%BB%E9%99%A2%23,753讨论 5.2万阅读
中山大学杨彪,https://s.weibo.com/weibo?q=%23%E4%B8%AD%E5%B1%B1%E5%A4%A7%E5%AD%A6%E6%9D%A8%E5%BD%AA%23,2358讨论 615.8万阅读
中山大学学生不出校就能尝遍全国美食,https://s.weibo.com/weibo?q=%23%E4%B8%AD%E5%B1%B1%E5%A4%A7%E5%AD%A6%E5%AD%A6%E7%94%9F%E4%B8%8D%E5%87%BA%E6%A0%A1%E5%B0%B1%E8%83%BD%E5%B0%9D%E9%81%8D%E5%85%A8%E5%9B%BD%E7%BE%8E%E9%A3%9F%23,241讨论 167.5万阅读
中山大学学生诽谤同校女生被拘留,https://s.weibo.com/weibo?q=%23%E4%B8%AD%E5%B1%B1%E5%A4%A7%E5%AD%A6%E5%AD%A6%E7%94%9F%E8%AF%BD%E8%B0%A4%E5%90%8C%E6%A0%A1%E5%A5%B3%E7%94%9F%E8%A2%AB%E6%8B%98%E7%95%99%23,1150讨论 1446.3万阅读
中山大学光华口腔医学院附属口腔医院,https://s.weibo.com/weibo/%23%E4%B8%AD%E5%B1%B1%E5%A4%A7%E5%AD%A6%E5%85%89%E5%8D%8E%E5%8F%A3%E8%85%94%E5%8C%BB%E5%AD%A6%E9%99%A2%E9%99%84%E5%B1%9E%E5%8F%A3%E8%85%94%E5%8C%BB%E9%99%A2%23,871讨论 4.8万阅读
中山大学南校区图书馆,https://s.weibo.com/weibo/%23%E4%B8%AD%E5%B1%B1%E5%A4%A7%E5%AD%A6%E5%8D%97%E6%A0%A1%E5%8C%BA%E5%9B%BE%E4%B9%A6%E9%A6%86%23,1890讨论 1.1万阅读
中山大学偷外卖问题,https://s.weibo.com/weibo?q=%23%E4%B8%AD%E5%B1%B1%E5%A4%A7%E5%AD%A6%E5%81%B7%E5%A4%96%E5%8D%96%E9%97%AE%E9%A2%98%23,2467讨论 776.9万阅读
中山大学通报副研究员被举报出轨女博后,https://s.weibo.com/weibo?q=%23%E4%B8%AD%E5%B1%B1%E5%A4%A7%E5%AD%A6%E9%80%9A%E6%8A%A5%E5%89%AF%E7%A0%94%E7%A9%B6%E5%91%98%E8%A2%AB%E4%B8%BE%E6%8A%A5%E5%87%BA%E8%BD%A8%E5%A5%B3%E5%8D%9A%E5%90%8E%23,53讨论 90.1万阅读
中山大学珠海校区,https://s.weibo.com/weibo/%23%E4%B8%AD%E5%B1%B1%E5%A4%A7%E5%AD%A6%E7%8F%A0%E6%B5%B7%E6%A0%A1%E5%8C%BA%23,578讨论 30.8万阅读
中山大学工地挖出古墓,https://s.weibo.com/weibo?q=%23%E4%B8%AD%E5%B1%B1%E5%A4%A7%E5%AD%A6%E5%B7%A5%E5%9C%B0%E6%8C%96%E5%87%BA%E5%8F%A4%E5%A2%93%23,1181讨论 537.9万阅读
中山大学梁銶琚堂,https://s.weibo.com/weibo/%23%E4%B8%AD%E5%B1%B1%E5%A4%A7%E5%AD%A6%E6%A2%81%E9%8A%B6%E7%90%9A%E5%A0%82%23,901讨论 3.9万阅读
中山大学98周年校庆,https://s.weibo.com/weibo?q=%23%E4%B8%AD%E5%B1%B1%E5%A4%A7%E5%AD%A698%E5%91%A8%E5%B9%B4%E6%A0%A1%E5%BA%86%23,2629讨论 605万阅读
中山大学学生诽谤同学被开除学籍,https://s.weibo.com/weibo?q=%23%E4%B8%AD%E5%B1%B1%E5%A4%A7%E5%AD%A6%E5%AD%A6%E7%94%9F%E8%AF%BD%E8%B0%A4%E5%90%8C%E5%AD%A6%E8%A2%AB%E5%BC%80%E9%99%A4%E5%AD%A6%E7%B1%8D%23,415讨论 428.8万阅读
中山大学中山眼科中心,https://s.weibo.com/weibo/%23%E4%B8%AD%E5%B1%B1%E5%A4%A7%E5%AD%A6%E4%B8%AD%E5%B1%B1%E7%9C%BC%E7%A7%91%E4%B8%AD%E5%BF%83%23,273讨论 37万阅读
中山大学东校区图书馆,https://s.weibo.com/weibo/%23%E4%B8%AD%E5%B1%B1%E5%A4%A7%E5%AD%A6%E4%B8%9C%E6%A0%A1%E5%8C%BA%E5%9B%BE%E4%B9%A6%E9%A6%86%23,926讨论 8988阅读
中山大学无视学生反乡要求,https://s.weibo.com/weibo?q=%23%E4%B8%AD%E5%B1%B1%E5%A4%A7%E5%AD%A6%E6%97%A0%E8%A7%86%E5%AD%A6%E7%94%9F%E5%8F%8D%E4%B9%A1%E8%A6%81%E6%B1%82%23,201讨论 20.5万阅读
中山大学学生诽谤他人被开除学籍,https://s.weibo.com/weibo?q=%23%E4%B8%AD%E5%B1%B1%E5%A4%A7%E5%AD%A6%E5%AD%A6%E7%94%9F%E8%AF%BD%E8%B0%A4%E4%BB%96%E4%BA%BA%E8%A2%AB%E5%BC%80%E9%99%A4%E5%AD%A6%E7%B1%8D%23,310讨论 31.9万阅读
中山大学附属东华医院,https://s.weibo.com/weibo/%23%E4%B8%AD%E5%B1%B1%E5%A4%A7%E5%AD%A6%E9%99%84%E5%B1%9E%E4%B8%9C%E5%8D%8E%E5%8C%BB%E9%99%A2%23,894讨论 1.3万阅读
中山大学云毕业典礼,https://s.weibo.com/weibo?q=%23%E4%B8%AD%E5%B1%B1%E5%A4%A7%E5%AD%A6%E4%BA%91%E6%AF%95%E4%B8%9A%E5%85%B8%E7%A4%BC%23,5008讨论 1537.9万阅读
国立中山大学,https://s.weibo.com/weibo/%23%E5%9B%BD%E7%AB%8B%E4%B8%AD%E5%B1%B1%E5%A4%A7%E5%AD%A6%23,545讨论 8.6万阅读
中山大学通报副研究员被举报出轨,https://s.weibo.com/weibo?q=%23%E4%B8%AD%E5%B1%B1%E5%A4%A7%E5%AD%A6%E9%80%9A%E6%8A%A5%E5%89%AF%E7%A0%94%E7%A9%B6%E5%91%98%E8%A2%AB%E4%B8%BE%E6%8A%A5%E5%87%BA%E8%BD%A8%23,1300讨论 1767.7万阅读
中山大学附属第六医院,https://s.weibo.com/weibo/%23%E4%B8%AD%E5%B1%B1%E5%A4%A7%E5%AD%A6%E9%99%84%E5%B1%9E%E7%AC%AC%E5%85%AD%E5%8C%BB%E9%99%A2%23,686讨论 3.3万阅读
中山大学极地号破冰能力有多强,https://s.weibo.com/weibo?q=%23%E4%B8%AD%E5%B1%B1%E5%A4%A7%E5%AD%A6%E6%9E%81%E5%9C%B0%E5%8F%B7%E7%A0%B4%E5%86%B0%E8%83%BD%E5%8A%9B%E6%9C%89%E5%A4%9A%E5%BC%BA%23,126讨论 17.5万阅读
中山大学超话,https://s.weibo.com/weibo?q=%23%E4%B8%AD%E5%B1%B1%E5%A4%A7%E5%AD%A6%E8%B6%85%E8%AF%9D%23,368讨论 29.9万阅读
中山大学mba,https://s.weibo.com/weibo/%23%E4%B8%AD%E5%B1%B1%E5%A4%A7%E5%AD%A6mba%23,6831讨论 17.3万阅读
中山大学大学城校区装门禁,https://s.weibo.com/weibo?q=%23%E4%B8%AD%E5%B1%B1%E5%A4%A7%E5%AD%A6%E5%A4%A7%E5%AD%A6%E5%9F%8E%E6%A0%A1%E5%8C%BA%E8%A3%85%E9%97%A8%E7%A6%81%23,5690讨论 1183.5万阅读
中山大学深圳校区,https://s.weibo.com/weibo/%23%E4%B8%AD%E5%B1%B1%E5%A4%A7%E5%AD%A6%E6%B7%B1%E5%9C%B3%E6%A0%A1%E5%8C%BA%23,432讨论 175.7万阅读
中山大学附属第一医院东山院区,https://s.weibo.com/weibo/%23%E4%B8%AD%E5%B1%B1%E5%A4%A7%E5%AD%A6%E9%99%84%E5%B1%9E%E7%AC%AC%E4%B8%80%E5%8C%BB%E9%99%A2%E4%B8%9C%E5%B1%B1%E9%99%A2%E5%8C%BA%23,333讨论 5.3万阅读
中山大学学生会致歉,https://s.weibo.com/weibo/%23%E4%B8%AD%E5%B1%B1%E5%A4%A7%E5%AD%A6%E5%AD%A6%E7%94%9F%E4%BC%9A%E8%87%B4%E6%AD%89%23,753讨论 191.6万阅读
中山大学王晓玮,https://s.weibo.com/weibo?q=%23%E4%B8%AD%E5%B1%B1%E5%A4%A7%E5%AD%A6%E7%8E%8B%E6%99%93%E7%8E%AE%23,290讨论 293万阅读
中山大学第一教学楼,https://s.weibo.com/weibo/%23%E4%B8%AD%E5%B1%B1%E5%A4%A7%E5%AD%A6%E7%AC%AC%E4%B8%80%E6%95%99%E5%AD%A6%E6%A5%BC%23,819讨论 1932阅读
揭秘中山大学极地号的破冰之旅,https://s.weibo.com/weibo?q=%23%E6%8F%AD%E7%A7%98%E4%B8%AD%E5%B1%B1%E5%A4%A7%E5%AD%A6%E6%9E%81%E5%9C%B0%E5%8F%B7%E7%9A%84%E7%A0%B4%E5%86%B0%E4%B9%8B%E6%97%85%23,153讨论 20.4万阅读
中山大学4月底开课7月初结课,https://s.weibo.com/weibo?q=%23%E4%B8%AD%E5%B1%B1%E5%A4%A7%E5%AD%A64%E6%9C%88%E5%BA%95%E5%BC%80%E8%AF%BE7%E6%9C%88%E5%88%9D%E7%BB%93%E8%AF%BE%23,404讨论 59.9万阅读
中山大学出轨女博士后副研究员被解聘,https://s.weibo.com/weibo?q=%23%E4%B8%AD%E5%B1%B1%E5%A4%A7%E5%AD%A6%E5%87%BA%E8%BD%A8%E5%A5%B3%E5%8D%9A%E5%A3%AB%E5%90%8E%E5%89%AF%E7%A0%94%E7%A9%B6%E5%91%98%E8%A2%AB%E8%A7%A3%E8%81%98%23,44讨论 75万阅读
中山大学孙逸仙纪念医院通报,https://s.weibo.com/weibo?q=%23%E4%B8%AD%E5%B1%B1%E5%A4%A7%E5%AD%A6%E5%AD%99%E9%80%B8%E4%BB%99%E7%BA%AA%E5%BF%B5%E5%8C%BB%E9%99%A2%E9%80%9A%E6%8A%A5%23,86讨论 67.4万阅读
中山大学东校区,https://s.weibo.com/weibo/%23%E4%B8%AD%E5%B1%B1%E5%A4%A7%E5%AD%A6%E4%B8%9C%E6%A0%A1%E5%8C%BA%23,273讨论 47.7万阅读
中山大学珠海校区教学楼,https://s.weibo.com/weibo/%23%E4%B8%AD%E5%B1%B1%E5%A4%A7%E5%AD%A6%E7%8F%A0%E6%B5%B7%E6%A0%A1%E5%8C%BA%E6%95%99%E5%AD%A6%E6%A5%BC%23,580讨论 4986阅读
中山大学南校区,https://s.weibo.com/weibo/%23%E4%B8%AD%E5%B1%B1%E5%A4%A7%E5%AD%A6%E5%8D%97%E6%A0%A1%E5%8C%BA%23,433讨论 26.8万阅读
中山大学转达西席王晓玮欠妥举动,https://s.weibo.com/weibo?q=%23%E4%B8%AD%E5%B1%B1%E5%A4%A7%E5%AD%A6%E8%BD%AC%E8%BE%BE%E8%A5%BF%E5%B8%AD%E7%8E%8B%E6%99%93%E7%8E%AE%E6%AC%A0%E5%A6%A5%E4%B8%BE%E5%8A%A8%23,947讨论 6.9万阅读
中山大学东校区公共教学楼,https://s.weibo.com/weibo/%23%E4%B8%AD%E5%B1%B1%E5%A4%A7%E5%AD%A6%E4%B8%9C%E6%A0%A1%E5%8C%BA%E5%85%AC%E5%85%B1%E6%95%99%E5%AD%A6%E6%A5%BC%23,805讨论 786阅读
中山大学中文系不跟风开网课,https://s.weibo.com/weibo?q=%23%E4%B8%AD%E5%B1%B1%E5%A4%A7%E5%AD%A6%E4%B8%AD%E6%96%87%E7%B3%BB%E4%B8%8D%E8%B7%9F%E9%A3%8E%E5%BC%80%E7%BD%91%E8%AF%BE%23,2658讨论 916.4万阅读
中山大学大一新生将先在广州南校园学习一年,https://s.weibo.com/weibo?q=%23%E4%B8%AD%E5%B1%B1%E5%A4%A7%E5%AD%A6%E5%A4%A7%E4%B8%80%E6%96%B0%E7%94%9F%E5%B0%86%E5%85%88%E5%9C%A8%E5%B9%BF%E5%B7%9E%E5%8D%97%E6%A0%A1%E5%9B%AD%E5%AD%A6%E4%B9%A0%E4%B8%80%E5%B9%B4%23,711讨论 161万阅读
中山大学99周年校庆,https://s.weibo.com/weibo?q=%23%E4%B8%AD%E5%B1%B1%E5%A4%A7%E5%AD%A699%E5%91%A8%E5%B9%B4%E6%A0%A1%E5%BA%86%23,591讨论 219.1万阅读
中山大学一副研究员被举报出轨女博士后,https://s.weibo.com/weibo?q=%23%E4%B8%AD%E5%B1%B1%E5%A4%A7%E5%AD%A6%E4%B8%80%E5%89%AF%E7%A0%94%E7%A9%B6%E5%91%98%E8%A2%AB%E4%B8%BE%E6%8A%A5%E5%87%BA%E8%BD%A8%E5%A5%B3%E5%8D%9A%E5%A3%AB%E5%90%8E%23,1091讨论 1665.7万阅读
中山大学复试,https://s.weibo.com/weibo/%23%E4%B8%AD%E5%B1%B1%E5%A4%A7%E5%AD%A6%E5%A4%8D%E8%AF%95%23,481讨论 36.8万阅读
中山大学法学院,https://s.weibo.com/weibo/%23%E4%B8%AD%E5%B1%B1%E5%A4%A7%E5%AD%A6%E6%B3%95%E5%AD%A6%E9%99%A2%23,517讨论 74.6万阅读
中山大学通报副研究员出轨女博后,https://s.weibo.com/weibo?q=%23%E4%B8%AD%E5%B1%B1%E5%A4%A7%E5%AD%A6%E9%80%9A%E6%8A%A5%E5%89%AF%E7%A0%94%E7%A9%B6%E5%91%98%E5%87%BA%E8%BD%A8%E5%A5%B3%E5%8D%9A%E5%90%8E%23,128讨论 172.1万阅读
中山大学心理学考研,https://s.weibo.com/weibo/%23%E4%B8%AD%E5%B1%B1%E5%A4%A7%E5%AD%A6%E5%BF%83%E7%90%86%E5%AD%A6%E8%80%83%E7%A0%94%23,254讨论 33.3万阅读
中山大学研究生超话,https://s.weibo.com/weibo?q=%23%E4%B8%AD%E5%B1%B1%E5%A4%A7%E5%AD%A6%E7%A0%94%E7%A9%B6%E7%94%9F%E8%B6%85%E8%AF%9D%23,515讨论 22万阅读
中山大学附属第二医院南院,https://s.weibo.com/weibo/%23%E4%B8%AD%E5%B1%B1%E5%A4%A7%E5%AD%A6%E9%99%84%E5%B1%9E%E7%AC%AC%E4%BA%8C%E5%8C%BB%E9%99%A2%E5%8D%97%E9%99%A2%23,566讨论 4110阅读
中山大学岭南学院,https://s.weibo.com/weibo/%23%E4%B8%AD%E5%B1%B1%E5%A4%A7%E5%AD%A6%E5%B2%AD%E5%8D%97%E5%AD%A6%E9%99%A2%23,714讨论 67.7万阅读
中山大学三行遗书,https://s.weibo.com/weibo/%23%E4%B8%AD%E5%B1%B1%E5%A4%A7%E5%AD%A6%E4%B8%89%E8%A1%8C%E9%81%97%E4%B9%A6%23,565讨论 23.7万阅读
中山大学优秀辅导员,https://s.weibo.com/weibo/%23%E4%B8%AD%E5%B1%B1%E5%A4%A7%E5%AD%A6%E4%BC%98%E7%A7%80%E8%BE%85%E5%AF%BC%E5%91%98%23,3320讨论 142阅读
中山大学发现疑似古墓,https://s.weibo.com/weibo?q=%23%E4%B8%AD%E5%B1%B1%E5%A4%A7%E5%AD%A6%E5%8F%91%E7%8E%B0%E7%96%91%E4%BC%BC%E5%8F%A4%E5%A2%93%23,325讨论 997.1万阅读
中山大学网课,https://s.weibo.com/weibo?q=%23%E4%B8%AD%E5%B1%B1%E5%A4%A7%E5%AD%A6%E7%BD%91%E8%AF%BE%23,613讨论 10.4万阅读
中山大学图书馆,https://s.weibo.com/weibo/%23%E4%B8%AD%E5%B1%B1%E5%A4%A7%E5%AD%A6%E5%9B%BE%E4%B9%A6%E9%A6%86%23,370讨论 3.6万阅读
新京报评中山大学贫困生炫富事件,https://s.weibo.com/weibo?q=%23%E6%96%B0%E4%BA%AC%E6%8A%A5%E8%AF%84%E4%B8%AD%E5%B1%B1%E5%A4%A7%E5%AD%A6%E8%B4%AB%E5%9B%B0%E7%94%9F%E7%82%AB%E5%AF%8C%E4%BA%8B%E4%BB%B6%23,30讨论 39.1万阅读
中山大学小礼堂,https://s.weibo.com/weibo/%23%E4%B8%AD%E5%B1%B1%E5%A4%A7%E5%AD%A6%E5%B0%8F%E7%A4%BC%E5%A0%82%23,366讨论 2.8万阅读
中山大学与哲学系李某某解除合同,https://s.weibo.com/weibo?q=%23%E4%B8%AD%E5%B1%B1%E5%A4%A7%E5%AD%A6%E4%B8%8E%E5%93%B2%E5%AD%A6%E7%B3%BB%E6%9D%8E%E6%9F%90%E6%9F%90%E8%A7%A3%E9%99%A4%E5%90%88%E5%90%8C%23,15讨论 49.3万阅读
中山大学开除造谣学生赵某晨,https://s.weibo.com/weibo?q=%23%E4%B8%AD%E5%B1%B1%E5%A4%A7%E5%AD%A6%E5%BC%80%E9%99%A4%E9%80%A0%E8%B0%A3%E5%AD%A6%E7%94%9F%E8%B5%B5%E6%9F%90%E6%99%A8%23,6150讨论 364.2万阅读
中山大学军训,https://s.weibo.com/weibo/%23%E4%B8%AD%E5%B1%B1%E5%A4%A7%E5%AD%A6%E5%86%9B%E8%AE%AD%23,504讨论 9.8万阅读
中山大学通报贫困生被曝炫富,https://s.weibo.com/weibo?q=%23%E4%B8%AD%E5%B1%B1%E5%A4%A7%E5%AD%A6%E9%80%9A%E6%8A%A5%E8%B4%AB%E5%9B%B0%E7%94%9F%E8%A2%AB%E6%9B%9D%E7%82%AB%E5%AF%8C%23,32讨论 27万阅读
中山大学回应教师网课事故,https://s.weibo.com/weibo?q=%23%E4%B8%AD%E5%B1%B1%E5%A4%A7%E5%AD%A6%E5%9B%9E%E5%BA%94%E6%95%99%E5%B8%88%E7%BD%91%E8%AF%BE%E4%BA%8B%E6%95%85%23,484讨论 382.4万阅读
年少日记广州中山大学路演,https://s.weibo.com/weibo?q=%23%E5%B9%B4%E5%B0%91%E6%97%A5%E8%AE%B0%E5%B9%BF%E5%B7%9E%E4%B8%AD%E5%B1%B1%E5%A4%A7%E5%AD%A6%E8%B7%AF%E6%BC%94%23,318讨论 251.8万阅读
中山大学湖中现凶猛怪鱼,https://s.weibo.com/weibo?q=%23%E4%B8%AD%E5%B1%B1%E5%A4%A7%E5%AD%A6%E6%B9%96%E4%B8%AD%E7%8E%B0%E5%87%B6%E7%8C%9B%E6%80%AA%E9%B1%BC%23,501讨论 603.7万阅读
中山大学考研成绩,https://s.weibo.com/weibo/%23%E4%B8%AD%E5%B1%B1%E5%A4%A7%E5%AD%A6%E8%80%83%E7%A0%94%E6%88%90%E7%BB%A9%23,220讨论 71.7万阅读
中山大学校长谈提高博士生奖助金,https://s.weibo.com/weibo?q=%23%E4%B8%AD%E5%B1%B1%E5%A4%A7%E5%AD%A6%E6%A0%A1%E9%95%BF%E8%B0%88%E6%8F%90%E9%AB%98%E5%8D%9A%E5%A3%AB%E7%94%9F%E5%A5%96%E5%8A%A9%E9%87%91%23,101讨论 96.3万阅读
中山大学岭南mba教学楼,https://s.weibo.com/weibo/%23%E4%B8%AD%E5%B1%B1%E5%A4%A7%E5%AD%A6%E5%B2%AD%E5%8D%97mba%E6%95%99%E5%AD%A6%E6%A5%BC%23,329讨论 6468阅读
中山大学通报学生诽谤他人,https://s.weibo.com/weibo?q=%23%E4%B8%AD%E5%B1%B1%E5%A4%A7%E5%AD%A6%E9%80%9A%E6%8A%A5%E5%AD%A6%E7%94%9F%E8%AF%BD%E8%B0%A4%E4%BB%96%E4%BA%BA%23,322讨论 811万阅读
高松任中山大学校长,https://s.weibo.com/weibo?q=%23%E9%AB%98%E6%9D%BE%E4%BB%BB%E4%B8%AD%E5%B1%B1%E5%A4%A7%E5%AD%A6%E6%A0%A1%E9%95%BF%23,696讨论 929.1万阅读
中山大学97周年校庆,https://s.weibo.com/weibo?q=%23%E4%B8%AD%E5%B1%B1%E5%A4%A7%E5%AD%A697%E5%91%A8%E5%B9%B4%E6%A0%A1%E5%BA%86%23,344讨论 278.5万阅读
中山大学肿瘤防治中心,https://s.weibo.com/weibo/%23%E4%B8%AD%E5%B1%B1%E5%A4%A7%E5%AD%A6%E8%82%BF%E7%98%A4%E9%98%B2%E6%B2%BB%E4%B8%AD%E5%BF%83%23,208讨论 8.2万阅读
中山大学挖出古墓,https://s.weibo.com/weibo?q=%23%E4%B8%AD%E5%B1%B1%E5%A4%A7%E5%AD%A6%E6%8C%96%E5%87%BA%E5%8F%A4%E5%A2%93%23,741讨论 184.9万阅读
中山大学回应教师师德师风问题,https://s.weibo.com/weibo?q=%23%E4%B8%AD%E5%B1%B1%E5%A4%A7%E5%AD%A6%E5%9B%9E%E5%BA%94%E6%95%99%E5%B8%88%E5%B8%88%E5%BE%B7%E5%B8%88%E9%A3%8E%E9%97%AE%E9%A2%98%23,1910讨论 30.3万阅读
中山大学管理学院mba大楼,https://s.weibo.com/weibo/%23%E4%B8%AD%E5%B1%B1%E5%A4%A7%E5%AD%A6%E7%AE%A1%E7%90%86%E5%AD%A6%E9%99%A2mba%E5%A4%A7%E6%A5%BC%23,211讨论 1.4万阅读
中山大学通报特困生炫富事件,https://s.weibo.com/weibo?q=%23%E4%B8%AD%E5%B1%B1%E5%A4%A7%E5%AD%A6%E9%80%9A%E6%8A%A5%E7%89%B9%E5%9B%B0%E7%94%9F%E7%82%AB%E5%AF%8C%E4%BA%8B%E4%BB%B6%23,133讨论 29.3万阅读
中山大学小北门,https://s.weibo.com/weibo/%23%E4%B8%AD%E5%B1%B1%E5%A4%A7%E5%AD%A6%E5%B0%8F%E5%8C%97%E9%97%A8%23,298讨论 2632阅读
中山大学极地号在冰区的飒爽英姿,https://s.weibo.com/weibo?q=%23%E4%B8%AD%E5%B1%B1%E5%A4%A7%E5%AD%A6%E6%9E%81%E5%9C%B0%E5%8F%B7%E5%9C%A8%E5%86%B0%E5%8C%BA%E7%9A%84%E9%A3%92%E7%88%BD%E8%8B%B1%E5%A7%BF%23,511讨论 180.2万阅读
马克龙致函感谢中山大学,https://s.weibo.com/weibo?q=%23%E9%A9%AC%E5%85%8B%E9%BE%99%E8%87%B4%E5%87%BD%E6%84%9F%E8%B0%A2%E4%B8%AD%E5%B1%B1%E5%A4%A7%E5%AD%A6%23,56讨论 71.4万阅读
中山大学被举报教授暂停教学工作,https://s.weibo.com/weibo?q=%23%E4%B8%AD%E5%B1%B1%E5%A4%A7%E5%AD%A6%E8%A2%AB%E4%B8%BE%E6%8A%A5%E6%95%99%E6%8E%88%E6%9A%82%E5%81%9C%E6%95%99%E5%AD%A6%E5%B7%A5%E4%BD%9C%23,704讨论 474万阅读
中山大学财经新闻,https://s.weibo.com/weibo?q=%23%E4%B8%AD%E5%B1%B1%E5%A4%A7%E5%AD%A6%E8%B4%A2%E7%BB%8F%E6%96%B0%E9%97%BB%23,385讨论 24.8万阅读
中山大学回应饭菜男女同价不同量,https://s.weibo.com/weibo?q=%23%E4%B8%AD%E5%B1%B1%E5%A4%A7%E5%AD%A6%E5%9B%9E%E5%BA%94%E9%A5%AD%E8%8F%9C%E7%94%B7%E5%A5%B3%E5%90%8C%E4%BB%B7%E4%B8%8D%E5%90%8C%E9%87%8F%23,1121讨论 527.9万阅读
马克龙致信感谢中山大学,https://s.weibo.com/weibo?q=%23%E9%A9%AC%E5%85%8B%E9%BE%99%E8%87%B4%E4%BF%A1%E6%84%9F%E8%B0%A2%E4%B8%AD%E5%B1%B1%E5%A4%A7%E5%AD%A6%23,53讨论 207.5万阅读
中山大学毕业典礼直播,https://s.weibo.com/weibo?q=%23%E4%B8%AD%E5%B1%B1%E5%A4%A7%E5%AD%A6%E6%AF%95%E4%B8%9A%E5%85%B8%E7%A4%BC%E7%9B%B4%E6%92%AD%23,142讨论 242.2万阅读
中山大学95周年校庆,https://s.weibo.com/weibo/%23%E4%B8%AD%E5%B1%B1%E5%A4%A7%E5%AD%A695%E5%91%A8%E5%B9%B4%E6%A0%A1%E5%BA%86%23,190讨论 52.1万阅读
马克龙访问中山大学,https://s.weibo.com/weibo?q=%23%E9%A9%AC%E5%85%8B%E9%BE%99%E8%AE%BF%E9%97%AE%E4%B8%AD%E5%B1%B1%E5%A4%A7%E5%AD%A6%23,2226讨论 1019.3万阅读
中山大学东校区明德园,https://s.weibo.com/weibo/%23%E4%B8%AD%E5%B1%B1%E5%A4%A7%E5%AD%A6%E4%B8%9C%E6%A0%A1%E5%8C%BA%E6%98%8E%E5%BE%B7%E5%9B%AD%23,372讨论 377阅读
中山大学mti,https://s.weibo.com/weibo/%23%E4%B8%AD%E5%B1%B1%E5%A4%A7%E5%AD%A6mti%23,871讨论 35.6万阅读
中山大学开学,https://s.weibo.com/weibo/%23%E4%B8%AD%E5%B1%B1%E5%A4%A7%E5%AD%A6%E5%BC%80%E5%AD%A6%23,115讨论 18.9万阅读
中山大学法学院杨彪,https://s.weibo.com/weibo?q=%23%E4%B8%AD%E5%B1%B1%E5%A4%A7%E5%AD%A6%E6%B3%95%E5%AD%A6%E9%99%A2%E6%9D%A8%E5%BD%AA%23,1122讨论 295.7万阅读
中山大学北门广场,https://s.weibo.com/weibo/%23%E4%B8%AD%E5%B1%B1%E5%A4%A7%E5%AD%A6%E5%8C%97%E9%97%A8%E5%B9%BF%E5%9C%BA%23,246讨论 1002阅读
河南也曾有个中山大学,https://s.weibo.com/weibo?q=%23%E6%B2%B3%E5%8D%97%E4%B9%9F%E6%9B%BE%E6%9C%89%E4%B8%AA%E4%B8%AD%E5%B1%B1%E5%A4%A7%E5%AD%A6%23,8889讨论 1045.4万阅读
中山大学新华学院东莞校区,https://s.weibo.com/weibo/%23%E4%B8%AD%E5%B1%B1%E5%A4%A7%E5%AD%A6%E6%96%B0%E5%8D%8E%E5%AD%A6%E9%99%A2%E4%B8%9C%E8%8E%9E%E6%A0%A1%E5%8C%BA%23,118讨论 10万阅读
中山大学南校惊现猫头鹰,https://s.weibo.com/weibo?q=%23%E4%B8%AD%E5%B1%B1%E5%A4%A7%E5%AD%A6%E5%8D%97%E6%A0%A1%E6%83%8A%E7%8E%B0%E7%8C%AB%E5%A4%B4%E9%B9%B0%23,8464讨论 289.2万阅读
马克龙抵达中山大学,https://s.weibo.com/weibo?q=%23%E9%A9%AC%E5%85%8B%E9%BE%99%E6%8A%B5%E8%BE%BE%E4%B8%AD%E5%B1%B1%E5%A4%A7%E5%AD%A6%23,65讨论 261.4万阅读
中山大学录取通知书里有来自云南的普洱茶,https://s.weibo.com/weibo?q=%23%E4%B8%AD%E5%B1%B1%E5%A4%A7%E5%AD%A6%E5%BD%95%E5%8F%96%E9%80%9A%E7%9F%A5%E4%B9%A6%E9%87%8C%E6%9C%89%E6%9D%A5%E8%87%AA%E4%BA%91%E5%8D%97%E7%9A%84%E6%99%AE%E6%B4%B1%E8%8C%B6%23,204讨论 13万阅读
中山大学专业解析,https://s.weibo.com/weibo?q=%23%E4%B8%AD%E5%B1%B1%E5%A4%A7%E5%AD%A6%E4%B8%93%E4%B8%9A%E8%A7%A3%E6%9E%90%23,111讨论 34.8万阅读
中山大学极地号科考船完成全面升级,https://s.weibo.com/weibo?q=%23%E4%B8%AD%E5%B1%B1%E5%A4%A7%E5%AD%A6%E6%9E%81%E5%9C%B0%E5%8F%B7%E7%A7%91%E8%80%83%E8%88%B9%E5%AE%8C%E6%88%90%E5%85%A8%E9%9D%A2%E5%8D%87%E7%BA%A7%23,9讨论 4.7万阅读
中山大学汉硕考研,https://s.weibo.com/weibo/%23%E4%B8%AD%E5%B1%B1%E5%A4%A7%E5%AD%A6%E6%B1%89%E7%A1%95%E8%80%83%E7%A0%94%23,116讨论 11.6万阅读
中山大学南方学院请假要求,https://s.weibo.com/weibo?q=%23%E4%B8%AD%E5%B1%B1%E5%A4%A7%E5%AD%A6%E5%8D%97%E6%96%B9%E5%AD%A6%E9%99%A2%E8%AF%B7%E5%81%87%E8%A6%81%E6%B1%82%23,152讨论 135.4万阅读
中山大学号交付,https://s.weibo.com/weibo?q=%23%E4%B8%AD%E5%B1%B1%E5%A4%A7%E5%AD%A6%E5%8F%B7%E4%BA%A4%E4%BB%98%23,94讨论 180万阅读
中山大学 陈纯,https://s.weibo.com/weibo?q=%23%E4%B8%AD%E5%B1%B1%E5%A4%A7%E5%AD%A6%20%E9%99%88%E7%BA%AF%23,492讨论 212.8万阅读
中山大学南方学院被老师性侵女生发声,https://s.weibo.com/weibo?q=%23%E4%B8%AD%E5%B1%B1%E5%A4%A7%E5%AD%A6%E5%8D%97%E6%96%B9%E5%AD%A6%E9%99%A2%E8%A2%AB%E8%80%81%E5%B8%88%E6%80%A7%E4%BE%B5%E5%A5%B3%E7%94%9F%E5%8F%91%E5%A3%B0%23,772讨论 442.9万阅读
中山大学回应食堂男女同价不同量,https://s.weibo.com/weibo?q=%23%E4%B8%AD%E5%B1%B1%E5%A4%A7%E5%AD%A6%E5%9B%9E%E5%BA%94%E9%A3%9F%E5%A0%82%E7%94%B7%E5%A5%B3%E5%90%8C%E4%BB%B7%E4%B8%8D%E5%90%8C%E9%87%8F%23,194讨论 311.4万阅读
中山大学学生会,https://s.weibo.com/weibo/%23%E4%B8%AD%E5%B1%B1%E5%A4%A7%E5%AD%A6%E5%AD%A6%E7%94%9F%E4%BC%9A%23,285讨论 8.3万阅读
中山大学吴柏林,https://s.weibo.com/weibo/%23%E4%B8%AD%E5%B1%B1%E5%A4%A7%E5%AD%A6%E5%90%B4%E6%9F%8F%E6%9E%97%23,156讨论 6.4万阅读
中山大学传播与设计学院,https://s.weibo.com/weibo/%23%E4%B8%AD%E5%B1%B1%E5%A4%A7%E5%AD%A6%E4%BC%A0%E6%92%AD%E4%B8%8E%E8%AE%BE%E8%AE%A1%E5%AD%A6%E9%99%A2%23,180讨论 3.2万阅读
中山大学化妆品碰瓷中山大学,https://s.weibo.com/weibo?q=%23%E4%B8%AD%E5%B1%B1%E5%A4%A7%E5%AD%A6%E5%8C%96%E5%A6%86%E5%93%81%E7%A2%B0%E7%93%B7%E4%B8%AD%E5%B1%B1%E5%A4%A7%E5%AD%A6%23,135讨论 548.2万阅读
中山大学附属第二医院,https://s.weibo.com/weibo/%23%E4%B8%AD%E5%B1%B1%E5%A4%A7%E5%AD%A6%E9%99%84%E5%B1%9E%E7%AC%AC%E4%BA%8C%E5%8C%BB%E9%99%A2%23,119讨论 1万阅读
中山大学全员核酸检测,https://s.weibo.com/weibo?q=%23%E4%B8%AD%E5%B1%B1%E5%A4%A7%E5%AD%A6%E5%85%A8%E5%91%98%E6%A0%B8%E9%85%B8%E6%A3%80%E6%B5%8B%23,332讨论 767.9万阅读
中山大学一教师被质疑师德师风问题,https://s.weibo.com/weibo?q=%23%E4%B8%AD%E5%B1%B1%E5%A4%A7%E5%AD%A6%E4%B8%80%E6%95%99%E5%B8%88%E8%A2%AB%E8%B4%A8%E7%96%91%E5%B8%88%E5%BE%B7%E5%B8%88%E9%A3%8E%E9%97%AE%E9%A2%98%23,824讨论 213.7万阅读
中山大学副研究员被举报婚内出轨女博士后,https://s.weibo.com/weibo?q=%23%E4%B8%AD%E5%B1%B1%E5%A4%A7%E5%AD%A6%E5%89%AF%E7%A0%94%E7%A9%B6%E5%91%98%E8%A2%AB%E4%B8%BE%E6%8A%A5%E5%A9%9A%E5%86%85%E5%87%BA%E8%BD%A8%E5%A5%B3%E5%8D%9A%E5%A3%AB%E5%90%8E%23,217讨论 158.5万阅读
中山大学考研超话,https://s.weibo.com/weibo?q=%23%E4%B8%AD%E5%B1%B1%E5%A4%A7%E5%AD%A6%E8%80%83%E7%A0%94%E8%B6%85%E8%AF%9D%23,237讨论 1.8万阅读
中山大学通报副研究员被举报出轨女博士后,https://s.weibo.com/weibo?q=%23%E4%B8%AD%E5%B1%B1%E5%A4%A7%E5%AD%A6%E9%80%9A%E6%8A%A5%E5%89%AF%E7%A0%94%E7%A9%B6%E5%91%98%E8%A2%AB%E4%B8%BE%E6%8A%A5%E5%87%BA%E8%BD%A8%E5%A5%B3%E5%8D%9A%E5%A3%AB%E5%90%8E%23,34讨论 62.8万阅读
中山大学回应学生外卖频繁失窃,https://s.weibo.com/weibo?q=%23%E4%B8%AD%E5%B1%B1%E5%A4%A7%E5%AD%A6%E5%9B%9E%E5%BA%94%E5%AD%A6%E7%94%9F%E5%A4%96%E5%8D%96%E9%A2%91%E7%B9%81%E5%A4%B1%E7%AA%83%23,227讨论 65.3万阅读
中山大学疑发现古墓,https://s.weibo.com/weibo?q=%23%E4%B8%AD%E5%B1%B1%E5%A4%A7%E5%AD%A6%E7%96%91%E5%8F%91%E7%8E%B0%E5%8F%A4%E5%A2%93%23,170讨论 621.3万阅读
中山大学801微观经济学与宏观经济学,https://s.weibo.com/weibo/%23%E4%B8%AD%E5%B1%B1%E5%A4%A7%E5%AD%A6801%E5%BE%AE%E8%A7%82%E7%BB%8F%E6%B5%8E%E5%AD%A6%E4%B8%8E%E5%AE%8F%E8%A7%82%E7%BB%8F%E6%B5%8E%E5%AD%A6%23,608讨论 26.2万阅读
中山大学毕业季,https://s.weibo.com/weibo/%23%E4%B8%AD%E5%B1%B1%E5%A4%A7%E5%AD%A6%E6%AF%95%E4%B8%9A%E5%AD%A3%23,202讨论 46.9万阅读
中山大学研发芦荟胶荟名门补水保湿祛痘修复,https://s.weibo.com/weibo/%23%E4%B8%AD%E5%B1%B1%E5%A4%A7%E5%AD%A6%E7%A0%94%E5%8F%91%E8%8A%A6%E8%8D%9F%E8%83%B6%E8%8D%9F%E5%90%8D%E9%97%A8%E8%A1%A5%E6%B0%B4%E4%BF%9D%E6%B9%BF%E7%A5%9B%E7%97%98%E4%BF%AE%E5%A4%8D%23,948讨论 69万阅读
法国总统马克龙致函感谢中山大学,https://s.weibo.com/weibo?q=%23%E6%B3%95%E5%9B%BD%E6%80%BB%E7%BB%9F%E9%A9%AC%E5%85%8B%E9%BE%99%E8%87%B4%E5%87%BD%E6%84%9F%E8%B0%A2%E4%B8%AD%E5%B1%B1%E5%A4%A7%E5%AD%A6%23,55讨论 64万阅读
中山大学本科录取通知书首次派送礼盒,https://s.weibo.com/weibo?q=%23%E4%B8%AD%E5%B1%B1%E5%A4%A7%E5%AD%A6%E6%9C%AC%E7%A7%91%E5%BD%95%E5%8F%96%E9%80%9A%E7%9F%A5%E4%B9%A6%E9%A6%96%E6%AC%A1%E6%B4%BE%E9%80%81%E7%A4%BC%E7%9B%92%23,562讨论 350.2万阅读
马克龙在中山大学的90分钟,https://s.weibo.com/weibo?q=%23%E9%A9%AC%E5%85%8B%E9%BE%99%E5%9C%A8%E4%B8%AD%E5%B1%B1%E5%A4%A7%E5%AD%A6%E7%9A%8490%E5%88%86%E9%92%9F%23,151讨论 559.6万阅读
中山大学第一附属医院,https://s.weibo.com/weibo/%23%E4%B8%AD%E5%B1%B1%E5%A4%A7%E5%AD%A6%E7%AC%AC%E4%B8%80%E9%99%84%E5%B1%9E%E5%8C%BB%E9%99%A2%23,100讨论 4.1万阅读
中山大学今天出复试线了么,https://s.weibo.com/weibo?q=%23%E4%B8%AD%E5%B1%B1%E5%A4%A7%E5%AD%A6%E4%BB%8A%E5%A4%A9%E5%87%BA%E5%A4%8D%E8%AF%95%E7%BA%BF%E4%BA%86%E4%B9%88%23,79讨论 37.3万阅读
中山大学信息化年会,https://s.weibo.com/weibo/%23%E4%B8%AD%E5%B1%B1%E5%A4%A7%E5%AD%A6%E4%BF%A1%E6%81%AF%E5%8C%96%E5%B9%B4%E4%BC%9A%23,1359讨论 0阅读
中山大学终止发放炫富贫困生助学金,https://s.weibo.com/weibo?q=%23%E4%B8%AD%E5%B1%B1%E5%A4%A7%E5%AD%A6%E7%BB%88%E6%AD%A2%E5%8F%91%E6%94%BE%E7%82%AB%E5%AF%8C%E8%B4%AB%E5%9B%B0%E7%94%9F%E5%8A%A9%E5%AD%A6%E9%87%91%23,19讨论 28.9万阅读
中山大学停发炫富贫困生助学金,https://s.weibo.com/weibo?q=%23%E4%B8%AD%E5%B1%B1%E5%A4%A7%E5%AD%A6%E5%81%9C%E5%8F%91%E7%82%AB%E5%AF%8C%E8%B4%AB%E5%9B%B0%E7%94%9F%E5%8A%A9%E5%AD%A6%E9%87%91%23,26讨论 32.9万阅读
中山大学考研复试,https://s.weibo.com/weibo/%23%E4%B8%AD%E5%B1%B1%E5%A4%A7%E5%AD%A6%E8%80%83%E7%A0%94%E5%A4%8D%E8%AF%95%23,187讨论 21万阅读
法国总统马克龙在中山大学发表演讲,https://s.weibo.com/weibo?q=%23%E6%B3%95%E5%9B%BD%E6%80%BB%E7%BB%9F%E9%A9%AC%E5%85%8B%E9%BE%99%E5%9C%A8%E4%B8%AD%E5%B1%B1%E5%A4%A7%E5%AD%A6%E5%8F%91%E8%A1%A8%E6%BC%94%E8%AE%B2%23,351讨论 339.8万阅读
广州中山大学,https://s.weibo.com/weibo/%23%E5%B9%BF%E5%B7%9E%E4%B8%AD%E5%B1%B1%E5%A4%A7%E5%AD%A6%23,264讨论 4万阅读
中山大学药学,https://s.weibo.com/weibo?q=%23%E4%B8%AD%E5%B1%B1%E5%A4%A7%E5%AD%A6%E8%8D%AF%E5%AD%A6%23,101讨论 15.1万阅读
中山大学附属第一医院南沙院区正式启用,https://s.weibo.com/weibo?q=%23%E4%B8%AD%E5%B1%B1%E5%A4%A7%E5%AD%A6%E9%99%84%E5%B1%9E%E7%AC%AC%E4%B8%80%E5%8C%BB%E9%99%A2%E5%8D%97%E6%B2%99%E9%99%A2%E5%8C%BA%E6%AD%A3%E5%BC%8F%E5%90%AF%E7%94%A8%23,35讨论 10.5万阅读
中山大学通报副研究员婚内出轨女博士后,https://s.weibo.com/weibo?q=%23%E4%B8%AD%E5%B1%B1%E5%A4%A7%E5%AD%A6%E9%80%9A%E6%8A%A5%E5%89%AF%E7%A0%94%E7%A9%B6%E5%91%98%E5%A9%9A%E5%86%85%E5%87%BA%E8%BD%A8%E5%A5%B3%E5%8D%9A%E5%A3%AB%E5%90%8E%23,83讨论 88.9万阅读
中山大学中文系不开网课,https://s.weibo.com/weibo?q=%23%E4%B8%AD%E5%B1%B1%E5%A4%A7%E5%AD%A6%E4%B8%AD%E6%96%87%E7%B3%BB%E4%B8%8D%E5%BC%80%E7%BD%91%E8%AF%BE%23,215讨论 818.1万阅读
中山大学医学院,https://s.weibo.com/weibo/%23%E4%B8%AD%E5%B1%B1%E5%A4%A7%E5%AD%A6%E5%8C%BB%E5%AD%A6%E9%99%A2%23,161讨论 19万阅读
马克龙用普通话和粤语向中山大学师生问好,https://s.weibo.com/weibo?q=%23%E9%A9%AC%E5%85%8B%E9%BE%99%E7%94%A8%E6%99%AE%E9%80%9A%E8%AF%9D%E5%92%8C%E7%B2%A4%E8%AF%AD%E5%90%91%E4%B8%AD%E5%B1%B1%E5%A4%A7%E5%AD%A6%E5%B8%88%E7%94%9F%E9%97%AE%E5%A5%BD%23,286讨论 181.8万阅读
中山大学医学院搬迁至深圳,https://s.weibo.com/weibo?q=%23%E4%B8%AD%E5%B1%B1%E5%A4%A7%E5%AD%A6%E5%8C%BB%E5%AD%A6%E9%99%A2%E6%90%AC%E8%BF%81%E8%87%B3%E6%B7%B1%E5%9C%B3%23,107讨论 647.5万阅读
中山大学解聘王晓玮,https://s.weibo.com/weibo?q=%23%E4%B8%AD%E5%B1%B1%E5%A4%A7%E5%AD%A6%E8%A7%A3%E8%81%98%E7%8E%8B%E6%99%93%E7%8E%AE%23,143讨论 408.6万阅读
中山大学附属第八医院,https://s.weibo.com/weibo/%23%E4%B8%AD%E5%B1%B1%E5%A4%A7%E5%AD%A6%E9%99%84%E5%B1%9E%E7%AC%AC%E5%85%AB%E5%8C%BB%E9%99%A2%23,126讨论 8.1万阅读
中山大学药学考研,https://s.weibo.com/weibo/%23%E4%B8%AD%E5%B1%B1%E5%A4%A7%E5%AD%A6%E8%8D%AF%E5%AD%A6%E8%80%83%E7%A0%94%23,71讨论 8.5万阅读
中山大学南校区永芳堂,https://s.weibo.com/weibo/%23%E4%B8%AD%E5%B1%B1%E5%A4%A7%E5%AD%A6%E5%8D%97%E6%A0%A1%E5%8C%BA%E6%B0%B8%E8%8A%B3%E5%A0%82%23,162讨论 1.4万阅读
中山大学科学家发现全新高温超导体,https://s.weibo.com/weibo?q=%23%E4%B8%AD%E5%B1%B1%E5%A4%A7%E5%AD%A6%E7%A7%91%E5%AD%A6%E5%AE%B6%E5%8F%91%E7%8E%B0%E5%85%A8%E6%96%B0%E9%AB%98%E6%B8%A9%E8%B6%85%E5%AF%BC%E4%BD%93%23,29讨论 30.9万阅读
我国海洋综合科考实习船中山大学号试航成功,https://s.weibo.com/weibo?q=%23%E6%88%91%E5%9B%BD%E6%B5%B7%E6%B4%8B%E7%BB%BC%E5%90%88%E7%A7%91%E8%80%83%E5%AE%9E%E4%B9%A0%E8%88%B9%E4%B8%AD%E5%B1%B1%E5%A4%A7%E5%AD%A6%E5%8F%B7%E8%AF%95%E8%88%AA%E6%88%90%E5%8A%9F%23,111讨论 241.9万阅读
中山大学记过处分涉赵某晨诽谤案三名学生,https://s.weibo.com/weibo?q=%23%E4%B8%AD%E5%B1%B1%E5%A4%A7%E5%AD%A6%E8%AE%B0%E8%BF%87%E5%A4%84%E5%88%86%E6%B6%89%E8%B5%B5%E6%9F%90%E6%99%A8%E8%AF%BD%E8%B0%A4%E6%A1%88%E4%B8%89%E5%90%8D%E5%AD%A6%E7%94%9F%23,93讨论 52.7万阅读
中山大学2022届毕业典礼,https://s.weibo.com/weibo?q=%23%E4%B8%AD%E5%B1%B1%E5%A4%A7%E5%AD%A62022%E5%B1%8A%E6%AF%95%E4%B8%9A%E5%85%B8%E7%A4%BC%23,115讨论 117万阅读
中山大学获得500毫克月壤,https://s.weibo.com/weibo?q=%23%E4%B8%AD%E5%B1%B1%E5%A4%A7%E5%AD%A6%E8%8E%B7%E5%BE%97500%E6%AF%AB%E5%85%8B%E6%9C%88%E5%A3%A4%23,101讨论 575.2万阅读
沉浸式看中山大学2023毕业典礼,https://s.weibo.com/weibo?q=%23%E6%B2%89%E6%B5%B8%E5%BC%8F%E7%9C%8B%E4%B8%AD%E5%B1%B1%E5%A4%A7%E5%AD%A62023%E6%AF%95%E4%B8%9A%E5%85%B8%E7%A4%BC%23,116讨论 207.4万阅读
中山大学猫头鹰歪头杀,https://s.weibo.com/weibo?q=%23%E4%B8%AD%E5%B1%B1%E5%A4%A7%E5%AD%A6%E7%8C%AB%E5%A4%B4%E9%B9%B0%E6%AD%AA%E5%A4%B4%E6%9D%80%23,202讨论 102.8万阅读
中山大学夏令营,https://s.weibo.com/weibo/%23%E4%B8%AD%E5%B1%B1%E5%A4%A7%E5%AD%A6%E5%A4%8F%E4%BB%A4%E8%90%A5%23,153讨论 53.6万阅读
中山大学园东湖内出现鳄雀鳝,https://s.weibo.com/weibo?q=%23%E4%B8%AD%E5%B1%B1%E5%A4%A7%E5%AD%A6%E5%9B%AD%E4%B8%9C%E6%B9%96%E5%86%85%E5%87%BA%E7%8E%B0%E9%B3%84%E9%9B%80%E9%B3%9D%23,317讨论 283.4万阅读
中山大学vs华南理工大学,https://s.weibo.com/weibo?q=%23%E4%B8%AD%E5%B1%B1%E5%A4%A7%E5%AD%A6vs%E5%8D%8E%E5%8D%97%E7%90%86%E5%B7%A5%E5%A4%A7%E5%AD%A6%23,5035讨论 5.5万阅读
中山大学终止炫富特困生助学金发放,https://s.weibo.com/weibo?q=%23%E4%B8%AD%E5%B1%B1%E5%A4%A7%E5%AD%A6%E7%BB%88%E6%AD%A2%E7%82%AB%E5%AF%8C%E7%89%B9%E5%9B%B0%E7%94%9F%E5%8A%A9%E5%AD%A6%E9%87%91%E5%8F%91%E6%94%BE%23,9讨论 21.3万阅读
中山大学通报网传舆情,https://s.weibo.com/weibo?q=%23%E4%B8%AD%E5%B1%B1%E5%A4%A7%E5%AD%A6%E9%80%9A%E6%8A%A5%E7%BD%91%E4%BC%A0%E8%88%86%E6%83%85%23,145讨论 107.4万阅读
中山大学马克思主义学院,https://s.weibo.com/weibo?q=%23%E4%B8%AD%E5%B1%B1%E5%A4%A7%E5%AD%A6%E9%A9%AC%E5%85%8B%E6%80%9D%E4%B8%BB%E4%B9%89%E5%AD%A6%E9%99%A2%23,241讨论 7.3万阅读
中山大学号的科考日记,https://s.weibo.com/weibo?q=%23%E4%B8%AD%E5%B1%B1%E5%A4%A7%E5%AD%A6%E5%8F%B7%E7%9A%84%E7%A7%91%E8%80%83%E6%97%A5%E8%AE%B0%23,25讨论 24.6万阅读
中山大学石牌旧址建筑,https://s.weibo.com/weibo/%23%E4%B8%AD%E5%B1%B1%E5%A4%A7%E5%AD%A6%E7%9F%B3%E7%89%8C%E6%97%A7%E5%9D%80%E5%BB%BA%E7%AD%91%23,551讨论 66.4万阅读
中山大学第三教学楼,https://s.weibo.com/weibo/%23%E4%B8%AD%E5%B1%B1%E5%A4%A7%E5%AD%A6%E7%AC%AC%E4%B8%89%E6%95%99%E5%AD%A6%E6%A5%BC%23,126讨论 592阅读
中山大学流浪猫中毒,https://s.weibo.com/weibo?q=%23%E4%B8%AD%E5%B1%B1%E5%A4%A7%E5%AD%A6%E6%B5%81%E6%B5%AA%E7%8C%AB%E4%B8%AD%E6%AF%92%23,262讨论 16.9万阅读
中山大学通报特困生炫富,https://s.weibo.com/weibo?q=%23%E4%B8%AD%E5%B1%B1%E5%A4%A7%E5%AD%A6%E9%80%9A%E6%8A%A5%E7%89%B9%E5%9B%B0%E7%94%9F%E7%82%AB%E5%AF%8C%23,9讨论 21.3万阅读
马克龙为何要访问中山大学,https://s.weibo.com/weibo?q=%23%E9%A9%AC%E5%85%8B%E9%BE%99%E4%B8%BA%E4%BD%95%E8%A6%81%E8%AE%BF%E9%97%AE%E4%B8%AD%E5%B1%B1%E5%A4%A7%E5%AD%A6%23,121讨论 341.7万阅读
中山大学对法学院一教师启动师德师风调查,https://s.weibo.com/weibo?q=%23%E4%B8%AD%E5%B1%B1%E5%A4%A7%E5%AD%A6%E5%AF%B9%E6%B3%95%E5%AD%A6%E9%99%A2%E4%B8%80%E6%95%99%E5%B8%88%E5%90%AF%E5%8A%A8%E5%B8%88%E5%BE%B7%E5%B8%88%E9%A3%8E%E8%B0%83%E6%9F%A5%23,788讨论 297.4万阅读
中山大学办学经费全国第四,https://s.weibo.com/weibo?q=%23%E4%B8%AD%E5%B1%B1%E5%A4%A7%E5%AD%A6%E5%8A%9E%E5%AD%A6%E7%BB%8F%E8%B4%B9%E5%85%A8%E5%9B%BD%E7%AC%AC%E5%9B%9B%23,211讨论 379.8万阅读
中山大学号首次泊入母港,https://s.weibo.com/weibo?q=%23%E4%B8%AD%E5%B1%B1%E5%A4%A7%E5%AD%A6%E5%8F%B7%E9%A6%96%E6%AC%A1%E6%B3%8A%E5%85%A5%E6%AF%8D%E6%B8%AF%23,111讨论 304.3万阅读
中山大学副教授预测疫情,https://s.weibo.com/weibo?q=%23%E4%B8%AD%E5%B1%B1%E5%A4%A7%E5%AD%A6%E5%89%AF%E6%95%99%E6%8E%88%E9%A2%84%E6%B5%8B%E7%96%AB%E6%83%85%23,194讨论 356.3万阅读
中山大学中文堂,https://s.weibo.com/weibo/%23%E4%B8%AD%E5%B1%B1%E5%A4%A7%E5%AD%A6%E4%B8%AD%E6%96%87%E5%A0%82%23,160讨论 112阅读
中山大学南方学院开学,https://s.weibo.com/weibo?q=%23%E4%B8%AD%E5%B1%B1%E5%A4%A7%E5%AD%A6%E5%8D%97%E6%96%B9%E5%AD%A6%E9%99%A2%E5%BC%80%E5%AD%A6%23,139讨论 49.8万阅读
中山大学通报网传副研究员婚内出轨,https://s.weibo.com/weibo?q=%23%E4%B8%AD%E5%B1%B1%E5%A4%A7%E5%AD%A6%E9%80%9A%E6%8A%A5%E7%BD%91%E4%BC%A0%E5%89%AF%E7%A0%94%E7%A9%B6%E5%91%98%E5%A9%9A%E5%86%85%E5%87%BA%E8%BD%A8%23,35讨论 49.8万阅读
中山大学录取通知书内有普洱茶和小砖块,https://s.weibo.com/weibo?q=%23%E4%B8%AD%E5%B1%B1%E5%A4%A7%E5%AD%A6%E5%BD%95%E5%8F%96%E9%80%9A%E7%9F%A5%E4%B9%A6%E5%86%85%E6%9C%89%E6%99%AE%E6%B4%B1%E8%8C%B6%E5%92%8C%E5%B0%8F%E7%A0%96%E5%9D%97%23,53讨论 133.6万阅读
中山大学法律硕士,https://s.weibo.com/weibo/%23%E4%B8%AD%E5%B1%B1%E5%A4%A7%E5%AD%A6%E6%B3%95%E5%BE%8B%E7%A1%95%E5%A3%AB%23,307讨论 9.2万阅读
中山大学法硕,https://s.weibo.com/weibo/%23%E4%B8%AD%E5%B1%B1%E5%A4%A7%E5%AD%A6%E6%B3%95%E7%A1%95%23,135讨论 4.8万阅读
中山大学图书馆古色古香,https://s.weibo.com/weibo?q=%23%E4%B8%AD%E5%B1%B1%E5%A4%A7%E5%AD%A6%E5%9B%BE%E4%B9%A6%E9%A6%86%E5%8F%A4%E8%89%B2%E5%8F%A4%E9%A6%99%23,34讨论 8.9万阅读
中山大学98岁生日快乐,https://s.weibo.com/weibo?q=%23%E4%B8%AD%E5%B1%B1%E5%A4%A7%E5%AD%A698%E5%B2%81%E7%94%9F%E6%97%A5%E5%BF%AB%E4%B9%90%23,535讨论 263万阅读
中山大学回应法学院教师师德师风问题,https://s.weibo.com/weibo?q=%23%E4%B8%AD%E5%B1%B1%E5%A4%A7%E5%AD%A6%E5%9B%9E%E5%BA%94%E6%B3%95%E5%AD%A6%E9%99%A2%E6%95%99%E5%B8%88%E5%B8%88%E5%BE%B7%E5%B8%88%E9%A3%8E%E9%97%AE%E9%A2%98%23,188讨论 311.8万阅读
中山大学校庆,https://s.weibo.com/weibo/%23%E4%B8%AD%E5%B1%B1%E5%A4%A7%E5%AD%A6%E6%A0%A1%E5%BA%86%23,59讨论 21万阅读
中山大学拟以预约方式向社会开放,https://s.weibo.com/weibo?q=%23%E4%B8%AD%E5%B1%B1%E5%A4%A7%E5%AD%A6%E6%8B%9F%E4%BB%A5%E9%A2%84%E7%BA%A6%E6%96%B9%E5%BC%8F%E5%90%91%E7%A4%BE%E4%BC%9A%E5%BC%80%E6%94%BE%23,45讨论 88.9万阅读
70年前读中山大学的爷爷笔记工整,https://s.weibo.com/weibo?q=%2370%E5%B9%B4%E5%89%8D%E8%AF%BB%E4%B8%AD%E5%B1%B1%E5%A4%A7%E5%AD%A6%E7%9A%84%E7%88%B7%E7%88%B7%E7%AC%94%E8%AE%B0%E5%B7%A5%E6%95%B4%23,124讨论 33.2万阅读
除夕夜中山大学学子坚守考场,https://s.weibo.com/weibo?q=%23%E9%99%A4%E5%A4%95%E5%A4%9C%E4%B8%AD%E5%B1%B1%E5%A4%A7%E5%AD%A6%E5%AD%A6%E5%AD%90%E5%9D%9A%E5%AE%88%E8%80%83%E5%9C%BA%23,113讨论 11.3万阅读
中山大学南校园疑似现古墓遗迹,https://s.weibo.com/weibo?q=%23%E4%B8%AD%E5%B1%B1%E5%A4%A7%E5%AD%A6%E5%8D%97%E6%A0%A1%E5%9B%AD%E7%96%91%E4%BC%BC%E7%8E%B0%E5%8F%A4%E5%A2%93%E9%81%97%E8%BF%B9%23,107讨论 298.1万阅读
中山大学clds,https://s.weibo.com/weibo/%23%E4%B8%AD%E5%B1%B1%E5%A4%A7%E5%AD%A6clds%23,174讨论 5.3万阅读
中山大学附属光华口腔医院,https://s.weibo.com/weibo/%23%E4%B8%AD%E5%B1%B1%E5%A4%A7%E5%AD%A6%E9%99%84%E5%B1%9E%E5%85%89%E5%8D%8E%E5%8F%A3%E8%85%94%E5%8C%BB%E9%99%A2%23,170讨论 10.7万阅读
中山大学录取通知书送普洱茶,https://s.weibo.com/weibo?q=%23%E4%B8%AD%E5%B1%B1%E5%A4%A7%E5%AD%A6%E5%BD%95%E5%8F%96%E9%80%9A%E7%9F%A5%E4%B9%A6%E9%80%81%E6%99%AE%E6%B4%B1%E8%8C%B6%23,197讨论 195.9万阅读
2020中山大学考研,https://s.weibo.com/weibo/%232020%E4%B8%AD%E5%B1%B1%E5%A4%A7%E5%AD%A6%E8%80%83%E7%A0%94%23,580讨论 26.9万阅读
中山大学深圳校区亮相,https://s.weibo.com/weibo?q=%23%E4%B8%AD%E5%B1%B1%E5%A4%A7%E5%AD%A6%E6%B7%B1%E5%9C%B3%E6%A0%A1%E5%8C%BA%E4%BA%AE%E7%9B%B8%23,102讨论 118.6万阅读
中山大学外国语学院,https://s.weibo.com/weibo/%23%E4%B8%AD%E5%B1%B1%E5%A4%A7%E5%AD%A6%E5%A4%96%E5%9B%BD%E8%AF%AD%E5%AD%A6%E9%99%A2%23,93讨论 1514阅读
中山大学强基计划,https://s.weibo.com/weibo?q=%23%E4%B8%AD%E5%B1%B1%E5%A4%A7%E5%AD%A6%E5%BC%BA%E5%9F%BA%E8%AE%A1%E5%88%92%23,220讨论 156.2万阅读
中山大学送给马克龙一份特别礼物,https://s.weibo.com/weibo?q=%23%E4%B8%AD%E5%B1%B1%E5%A4%A7%E5%AD%A6%E9%80%81%E7%BB%99%E9%A9%AC%E5%85%8B%E9%BE%99%E4%B8%80%E4%BB%BD%E7%89%B9%E5%88%AB%E7%A4%BC%E7%89%A9%23,18讨论 28.6万阅读
中山大学研究生公寓,https://s.weibo.com/weibo/%23%E4%B8%AD%E5%B1%B1%E5%A4%A7%E5%AD%A6%E7%A0%94%E7%A9%B6%E7%94%9F%E5%85%AC%E5%AF%93%23,106讨论 754阅读
中山大学婚纱照,https://s.weibo.com/weibo/%23%E4%B8%AD%E5%B1%B1%E5%A4%A7%E5%AD%A6%E5%A9%9A%E7%BA%B1%E7%85%A7%23,147讨论 6.2万阅读
中山大学能否正视学生安全问题,https://s.weibo.com/weibo?q=%23%E4%B8%AD%E5%B1%B1%E5%A4%A7%E5%AD%A6%E8%83%BD%E5%90%A6%E6%AD%A3%E8%A7%86%E5%AD%A6%E7%94%9F%E5%AE%89%E5%85%A8%E9%97%AE%E9%A2%98%23,243讨论 1.8万阅读
中山大学农学院整体迁往深圳校区,https://s.weibo.com/weibo?q=%23%E4%B8%AD%E5%B1%B1%E5%A4%A7%E5%AD%A6%E5%86%9C%E5%AD%A6%E9%99%A2%E6%95%B4%E4%BD%93%E8%BF%81%E5%BE%80%E6%B7%B1%E5%9C%B3%E6%A0%A1%E5%8C%BA%23,60讨论 406.3万阅读
中山大学中文系,https://s.weibo.com/weibo/%23%E4%B8%AD%E5%B1%B1%E5%A4%A7%E5%AD%A6%E4%B8%AD%E6%96%87%E7%B3%BB%23,87讨论 5754阅读
在浙大拉着中山大学校长拍照,https://s.weibo.com/weibo?q=%23%E5%9C%A8%E6%B5%99%E5%A4%A7%E6%8B%89%E7%9D%80%E4%B8%AD%E5%B1%B1%E5%A4%A7%E5%AD%A6%E6%A0%A1%E9%95%BF%E6%8B%8D%E7%85%A7%23,1233讨论 717.6万阅读
马克龙在中山大学聊了些什么,https://s.weibo.com/weibo?q=%23%E9%A9%AC%E5%85%8B%E9%BE%99%E5%9C%A8%E4%B8%AD%E5%B1%B1%E5%A4%A7%E5%AD%A6%E8%81%8A%E4%BA%86%E4%BA%9B%E4%BB%80%E4%B9%88%23,52讨论 105.5万阅读
中山大学2022年开学典礼,https://s.weibo.com/weibo?q=%23%E4%B8%AD%E5%B1%B1%E5%A4%A7%E5%AD%A62022%E5%B9%B4%E5%BC%80%E5%AD%A6%E5%85%B8%E7%A4%BC%23,513讨论 85.6万阅读
中山大学深圳校区迎来首批医学生入驻,https://s.weibo.com/weibo?q=%23%E4%B8%AD%E5%B1%B1%E5%A4%A7%E5%AD%A6%E6%B7%B1%E5%9C%B3%E6%A0%A1%E5%8C%BA%E8%BF%8E%E6%9D%A5%E9%A6%96%E6%89%B9%E5%8C%BB%E5%AD%A6%E7%94%9F%E5%85%A5%E9%A9%BB%23,92讨论 64.6万阅读
华北理工一学子上岸中山大学,https://s.weibo.com/weibo?q=%23%E5%8D%8E%E5%8C%97%E7%90%86%E5%B7%A5%E4%B8%80%E5%AD%A6%E5%AD%90%E4%B8%8A%E5%B2%B8%E4%B8%AD%E5%B1%B1%E5%A4%A7%E5%AD%A6%23,95讨论 30.3万阅读
如何看待中山大学贫困生炫富事件处理结果,https://s.weibo.com/weibo?q=%23%E5%A6%82%E4%BD%95%E7%9C%8B%E5%BE%85%E4%B8%AD%E5%B1%B1%E5%A4%A7%E5%AD%A6%E8%B4%AB%E5%9B%B0%E7%94%9F%E7%82%AB%E5%AF%8C%E4%BA%8B%E4%BB%B6%E5%A4%84%E7%90%86%E7%BB%93%E6%9E%9C%23,71讨论 86.6万阅读
中山大学附属第七医院,https://s.weibo.com/weibo/%23%E4%B8%AD%E5%B1%B1%E5%A4%A7%E5%AD%A6%E9%99%84%E5%B1%9E%E7%AC%AC%E4%B8%83%E5%8C%BB%E9%99%A2%23,136讨论 15.3万阅读
中山大学食堂食品安全问题,https://s.weibo.com/weibo?q=%23%E4%B8%AD%E5%B1%B1%E5%A4%A7%E5%AD%A6%E9%A3%9F%E5%A0%82%E9%A3%9F%E5%93%81%E5%AE%89%E5%85%A8%E9%97%AE%E9%A2%98%23,875讨论 103.2万阅读
中山大学校方辟谣无相关化妆品合作,https://s.weibo.com/weibo?q=%23%E4%B8%AD%E5%B1%B1%E5%A4%A7%E5%AD%A6%E6%A0%A1%E6%96%B9%E8%BE%9F%E8%B0%A3%E6%97%A0%E7%9B%B8%E5%85%B3%E5%8C%96%E5%A6%86%E5%93%81%E5%90%88%E4%BD%9C%23,54讨论 169.3万阅读
中山大学首个学部成立,https://s.weibo.com/weibo?q=%23%E4%B8%AD%E5%B1%B1%E5%A4%A7%E5%AD%A6%E9%A6%96%E4%B8%AA%E5%AD%A6%E9%83%A8%E6%88%90%E7%AB%8B%23,269讨论 152.4万阅读
中山大学连夜叫停炫富贫困生助学金,https://s.weibo.com/weibo?q=%23%E4%B8%AD%E5%B1%B1%E5%A4%A7%E5%AD%A6%E8%BF%9E%E5%A4%9C%E5%8F%AB%E5%81%9C%E7%82%AB%E5%AF%8C%E8%B4%AB%E5%9B%B0%E7%94%9F%E5%8A%A9%E5%AD%A6%E9%87%91%23,10讨论 12.6万阅读
中山大学学生集体患癌,https://s.weibo.com/weibo?q=%23%E4%B8%AD%E5%B1%B1%E5%A4%A7%E5%AD%A6%E5%AD%A6%E7%94%9F%E9%9B%86%E4%BD%93%E6%82%A3%E7%99%8C%23,237讨论 1.1万阅读
中山大学一副研究员被举报婚内出轨,https://s.weibo.com/weibo?q=%23%E4%B8%AD%E5%B1%B1%E5%A4%A7%E5%AD%A6%E4%B8%80%E5%89%AF%E7%A0%94%E7%A9%B6%E5%91%98%E8%A2%AB%E4%B8%BE%E6%8A%A5%E5%A9%9A%E5%86%85%E5%87%BA%E8%BD%A8%23,82讨论 160.2万阅读
中山大学001号本科录取通知书送达,https://s.weibo.com/weibo?q=%23%E4%B8%AD%E5%B1%B1%E5%A4%A7%E5%AD%A6001%E5%8F%B7%E6%9C%AC%E7%A7%91%E5%BD%95%E5%8F%96%E9%80%9A%E7%9F%A5%E4%B9%A6%E9%80%81%E8%BE%BE%23,24讨论 2.1万阅读
中山大学美食周来啦,https://s.weibo.com/weibo?q=%23%E4%B8%AD%E5%B1%B1%E5%A4%A7%E5%AD%A6%E7%BE%8E%E9%A3%9F%E5%91%A8%E6%9D%A5%E5%95%A6%23,21讨论 18.3万阅读
中山大学回应贫困生炫富事件,https://s.weibo.com/weibo?q=%23%E4%B8%AD%E5%B1%B1%E5%A4%A7%E5%AD%A6%E5%9B%9E%E5%BA%94%E8%B4%AB%E5%9B%B0%E7%94%9F%E7%82%AB%E5%AF%8C%E4%BA%8B%E4%BB%B6%23,17讨论 6.3万阅读
中山大学能否正式学生安全问题,https://s.weibo.com/weibo?q=%23%E4%B8%AD%E5%B1%B1%E5%A4%A7%E5%AD%A6%E8%83%BD%E5%90%A6%E6%AD%A3%E5%BC%8F%E5%AD%A6%E7%94%9F%E5%AE%89%E5%85%A8%E9%97%AE%E9%A2%98%23,147讨论 1474阅读
中山大学金融专硕,https://s.weibo.com/weibo/%23%E4%B8%AD%E5%B1%B1%E5%A4%A7%E5%AD%A6%E9%87%91%E8%9E%8D%E4%B8%93%E7%A1%95%23,93讨论 3.1万阅读
中山大学团队新发现3个丹霞山昆虫新种,https://s.weibo.com/weibo?q=%23%E4%B8%AD%E5%B1%B1%E5%A4%A7%E5%AD%A6%E5%9B%A2%E9%98%9F%E6%96%B0%E5%8F%91%E7%8E%B03%E4%B8%AA%E4%B8%B9%E9%9C%9E%E5%B1%B1%E6%98%86%E8%99%AB%E6%96%B0%E7%A7%8D%23,145讨论 30.5万阅读
马克龙在中山大学发表演讲,https://s.weibo.com/weibo?q=%23%E9%A9%AC%E5%85%8B%E9%BE%99%E5%9C%A8%E4%B8%AD%E5%B1%B1%E5%A4%A7%E5%AD%A6%E5%8F%91%E8%A1%A8%E6%BC%94%E8%AE%B2%23,14讨论 55.7万阅读
中山大学贫困生炫富被终止助学金发放,https://s.weibo.com/weibo?q=%23%E4%B8%AD%E5%B1%B1%E5%A4%A7%E5%AD%A6%E8%B4%AB%E5%9B%B0%E7%94%9F%E7%82%AB%E5%AF%8C%E8%A2%AB%E7%BB%88%E6%AD%A2%E5%8A%A9%E5%AD%A6%E9%87%91%E5%8F%91%E6%94%BE%23,29讨论 12.4万阅读
中山大学马克龙,https://s.weibo.com/weibo?q=%23%E4%B8%AD%E5%B1%B1%E5%A4%A7%E5%AD%A6%E9%A9%AC%E5%85%8B%E9%BE%99%23,32讨论 25.5万阅读
中山大学发现疑似墓砖古迹,https://s.weibo.com/weibo?q=%23%E4%B8%AD%E5%B1%B1%E5%A4%A7%E5%AD%A6%E5%8F%91%E7%8E%B0%E7%96%91%E4%BC%BC%E5%A2%93%E7%A0%96%E5%8F%A4%E8%BF%B9%23,51讨论 184.8万阅读
网友分享中山大学图书馆,https://s.weibo.com/weibo?q=%23%E7%BD%91%E5%8F%8B%E5%88%86%E4%BA%AB%E4%B8%AD%E5%B1%B1%E5%A4%A7%E5%AD%A6%E5%9B%BE%E4%B9%A6%E9%A6%86%23,86讨论 16万阅读
中山大学首封录取通知书花落谁家,https://s.weibo.com/weibo?q=%23%E4%B8%AD%E5%B1%B1%E5%A4%A7%E5%AD%A6%E9%A6%96%E5%B0%81%E5%BD%95%E5%8F%96%E9%80%9A%E7%9F%A5%E4%B9%A6%E8%8A%B1%E8%90%BD%E8%B0%81%E5%AE%B6%23,79讨论 269.5万阅读
中山大学 汉墓,https://s.weibo.com/weibo?q=%23%E4%B8%AD%E5%B1%B1%E5%A4%A7%E5%AD%A6%20%E6%B1%89%E5%A2%93%23,71讨论 92万阅读
中山大学考研成绩公布,https://s.weibo.com/weibo?q=%23%E4%B8%AD%E5%B1%B1%E5%A4%A7%E5%AD%A6%E8%80%83%E7%A0%94%E6%88%90%E7%BB%A9%E5%85%AC%E5%B8%83%23,271讨论 60.7万阅读
中山大学副教授网课行为不当被停职,https://s.weibo.com/weibo?q=%23%E4%B8%AD%E5%B1%B1%E5%A4%A7%E5%AD%A6%E5%89%AF%E6%95%99%E6%8E%88%E7%BD%91%E8%AF%BE%E8%A1%8C%E4%B8%BA%E4%B8%8D%E5%BD%93%E8%A2%AB%E5%81%9C%E8%81%8C%23,115讨论 58.1万阅读
中山大学深圳校区有16个学院,https://s.weibo.com/weibo?q=%23%E4%B8%AD%E5%B1%B1%E5%A4%A7%E5%AD%A6%E6%B7%B1%E5%9C%B3%E6%A0%A1%E5%8C%BA%E6%9C%8916%E4%B8%AA%E5%AD%A6%E9%99%A2%23,65讨论 21.8万阅读
中山大学三行情书,https://s.weibo.com/weibo/%23%E4%B8%AD%E5%B1%B1%E5%A4%A7%E5%AD%A6%E4%B8%89%E8%A1%8C%E6%83%85%E4%B9%A6%23,106讨论 18阅读
中山大学12个学科双一流,https://s.weibo.com/weibo?q=%23%E4%B8%AD%E5%B1%B1%E5%A4%A7%E5%AD%A612%E4%B8%AA%E5%AD%A6%E7%A7%91%E5%8F%8C%E4%B8%80%E6%B5%81%23,157讨论 73.5万阅读
中山大学号,https://s.weibo.com/weibo?q=%23%E4%B8%AD%E5%B1%B1%E5%A4%A7%E5%AD%A6%E5%8F%B7%23,64讨论 18.6万阅读
中山大学女博士研发成果世界首例,https://s.weibo.com/weibo?q=%23%E4%B8%AD%E5%B1%B1%E5%A4%A7%E5%AD%A6%E5%A5%B3%E5%8D%9A%E5%A3%AB%E7%A0%94%E5%8F%91%E6%88%90%E6%9E%9C%E4%B8%96%E7%95%8C%E9%A6%96%E4%BE%8B%23,418讨论 116.9万阅读
中山大学深圳校区一期全面建成,https://s.weibo.com/weibo?q=%23%E4%B8%AD%E5%B1%B1%E5%A4%A7%E5%AD%A6%E6%B7%B1%E5%9C%B3%E6%A0%A1%E5%8C%BA%E4%B8%80%E6%9C%9F%E5%85%A8%E9%9D%A2%E5%BB%BA%E6%88%90%23,27讨论 9.2万阅读
中山大学飞花令现场,https://s.weibo.com/weibo?q=%23%E4%B8%AD%E5%B1%B1%E5%A4%A7%E5%AD%A6%E9%A3%9E%E8%8A%B1%E4%BB%A4%E7%8E%B0%E5%9C%BA%23,21讨论 11.6万阅读
中山大学回应一教师师德师风问题,https://s.weibo.com/weibo?q=%23%E4%B8%AD%E5%B1%B1%E5%A4%A7%E5%AD%A6%E5%9B%9E%E5%BA%94%E4%B8%80%E6%95%99%E5%B8%88%E5%B8%88%E5%BE%B7%E5%B8%88%E9%A3%8E%E9%97%AE%E9%A2%98%23,43讨论 86.6万阅读
中山大学附属第五医院住院楼,https://s.weibo.com/weibo/%23%E4%B8%AD%E5%B1%B1%E5%A4%A7%E5%AD%A6%E9%99%84%E5%B1%9E%E7%AC%AC%E4%BA%94%E5%8C%BB%E9%99%A2%E4%BD%8F%E9%99%A2%E6%A5%BC%23,102讨论 40阅读
台青与中山大学学生合唱外婆的澎湖湾,https://s.weibo.com/weibo?q=%23%E5%8F%B0%E9%9D%92%E4%B8%8E%E4%B8%AD%E5%B1%B1%E5%A4%A7%E5%AD%A6%E5%AD%A6%E7%94%9F%E5%90%88%E5%94%B1%E5%A4%96%E5%A9%86%E7%9A%84%E6%BE%8E%E6%B9%96%E6%B9%BE%23,28讨论 8万阅读
中山大学第三附属医院,https://s.weibo.com/weibo/%23%E4%B8%AD%E5%B1%B1%E5%A4%A7%E5%AD%A6%E7%AC%AC%E4%B8%89%E9%99%84%E5%B1%9E%E5%8C%BB%E9%99%A2%23,52讨论 172阅读
中山大学河南学子奖学金率百分之146,https://s.weibo.com/weibo?q=%23%E4%B8%AD%E5%B1%B1%E5%A4%A7%E5%AD%A6%E6%B2%B3%E5%8D%97%E5%AD%A6%E5%AD%90%E5%A5%96%E5%AD%A6%E9%87%91%E7%8E%87%E7%99%BE%E5%88%86%E4%B9%8B146%23,35讨论 490.7万阅读
中山大学三行情书2014,https://s.weibo.com/weibo/%23%E4%B8%AD%E5%B1%B1%E5%A4%A7%E5%AD%A6%E4%B8%89%E8%A1%8C%E6%83%85%E4%B9%A62014%23,228讨论 112.6万阅读
中山大学教授否认燕窝是智商税,https://s.weibo.com/weibo?q=%23%E4%B8%AD%E5%B1%B1%E5%A4%A7%E5%AD%A6%E6%95%99%E6%8E%88%E5%90%A6%E8%AE%A4%E7%87%95%E7%AA%9D%E6%98%AF%E6%99%BA%E5%95%86%E7%A8%8E%23,172讨论 138.4万阅读
中山大学达安基因,https://s.weibo.com/weibo/%23%E4%B8%AD%E5%B1%B1%E5%A4%A7%E5%AD%A6%E8%BE%BE%E5%AE%89%E5%9F%BA%E5%9B%A0%23,348讨论 3.9万阅读
中山大学学生会正部级,https://s.weibo.com/weibo/%23%E4%B8%AD%E5%B1%B1%E5%A4%A7%E5%AD%A6%E5%AD%A6%E7%94%9F%E4%BC%9A%E6%AD%A3%E9%83%A8%E7%BA%A7%23,195讨论 2.2万阅读
山高水长——中山大学合唱团重录第二校歌,https://s.weibo.com/weibo/%23%E5%B1%B1%E9%AB%98%E6%B0%B4%E9%95%BF%E2%80%94%E2%80%94%E4%B8%AD%E5%B1%B1%E5%A4%A7%E5%AD%A6%E5%90%88%E5%94%B1%E5%9B%A2%E9%87%8D%E5%BD%95%E7%AC%AC%E4%BA%8C%E6%A0%A1%E6%AD%8C%23,871讨论 38.9万阅读
中山大学2023届毕业典礼,https://s.weibo.com/weibo?q=%23%E4%B8%AD%E5%B1%B1%E5%A4%A7%E5%AD%A62023%E5%B1%8A%E6%AF%95%E4%B8%9A%E5%85%B8%E7%A4%BC%23,40讨论 16.9万阅读
中山大学向湛江第一中学发来喜报,https://s.weibo.com/weibo?q=%23%E4%B8%AD%E5%B1%B1%E5%A4%A7%E5%AD%A6%E5%90%91%E6%B9%9B%E6%B1%9F%E7%AC%AC%E4%B8%80%E4%B8%AD%E5%AD%A6%E5%8F%91%E6%9D%A5%E5%96%9C%E6%8A%A5%23,94讨论 143.1万阅读
中山大学回应副研究员婚内出轨女博士后,https://s.weibo.com/weibo?q=%23%E4%B8%AD%E5%B1%B1%E5%A4%A7%E5%AD%A6%E5%9B%9E%E5%BA%94%E5%89%AF%E7%A0%94%E7%A9%B6%E5%91%98%E5%A9%9A%E5%86%85%E5%87%BA%E8%BD%A8%E5%A5%B3%E5%8D%9A%E5%A3%AB%E5%90%8E%23,214讨论 150.1万阅读
中山大学一学生因造谣诽谤同学被开除,https://s.weibo.com/weibo?q=%23%E4%B8%AD%E5%B1%B1%E5%A4%A7%E5%AD%A6%E4%B8%80%E5%AD%A6%E7%94%9F%E5%9B%A0%E9%80%A0%E8%B0%A3%E8%AF%BD%E8%B0%A4%E5%90%8C%E5%AD%A6%E8%A2%AB%E5%BC%80%E9%99%A4%23,19讨论 26.9万阅读
2011中山大学年度人物,https://s.weibo.com/weibo/%232011%E4%B8%AD%E5%B1%B1%E5%A4%A7%E5%AD%A6%E5%B9%B4%E5%BA%A6%E4%BA%BA%E7%89%A9%23,720讨论 0阅读
中山大学炫富贫困生被终止发放助学金,https://s.weibo.com/weibo?q=%23%E4%B8%AD%E5%B1%B1%E5%A4%A7%E5%AD%A6%E7%82%AB%E5%AF%8C%E8%B4%AB%E5%9B%B0%E7%94%9F%E8%A2%AB%E7%BB%88%E6%AD%A2%E5%8F%91%E6%94%BE%E5%8A%A9%E5%AD%A6%E9%87%91%23,16讨论 8.5万阅读
中山大学学子自制军训大片,https://s.weibo.com/weibo?q=%23%E4%B8%AD%E5%B1%B1%E5%A4%A7%E5%AD%A6%E5%AD%A6%E5%AD%90%E8%87%AA%E5%88%B6%E5%86%9B%E8%AE%AD%E5%A4%A7%E7%89%87%23,165讨论 13万阅读
"蓉漂看武侯,中山大学行",https://s.weibo.com/weibo?q=%23%E8%93%89%E6%BC%82%E7%9C%8B%E6%AD%A6%E4%BE%AF%2C%E4%B8%AD%E5%B1%B1%E5%A4%A7%E5%AD%A6%E8%A1%8C%23,1190讨论 59.1万阅读
中山大学418名学霸登上教育部名单,https://s.weibo.com/weibo?q=%23%E4%B8%AD%E5%B1%B1%E5%A4%A7%E5%AD%A6418%E5%90%8D%E5%AD%A6%E9%9C%B8%E7%99%BB%E4%B8%8A%E6%95%99%E8%82%B2%E9%83%A8%E5%90%8D%E5%8D%95%23,35讨论 104.6万阅读
中山大学博士以旅游振兴乡村,https://s.weibo.com/weibo?q=%23%E4%B8%AD%E5%B1%B1%E5%A4%A7%E5%AD%A6%E5%8D%9A%E5%A3%AB%E4%BB%A5%E6%97%85%E6%B8%B8%E6%8C%AF%E5%85%B4%E4%B9%A1%E6%9D%91%23,30讨论 58.8万阅读
中山大学专场,https://s.weibo.com/weibo/%23%E4%B8%AD%E5%B1%B1%E5%A4%A7%E5%AD%A6%E4%B8%93%E5%9C%BA%23,1669讨论 8486阅读
中山大学对教师杨某启动调查,https://s.weibo.com/weibo?q=%23%E4%B8%AD%E5%B1%B1%E5%A4%A7%E5%AD%A6%E5%AF%B9%E6%95%99%E5%B8%88%E6%9D%A8%E6%9F%90%E5%90%AF%E5%8A%A8%E8%B0%83%E6%9F%A5%23,29讨论 55.1万阅读
中山大学801经济学考研,https://s.weibo.com/weibo/%23%E4%B8%AD%E5%B1%B1%E5%A4%A7%E5%AD%A6801%E7%BB%8F%E6%B5%8E%E5%AD%A6%E8%80%83%E7%A0%94%23,159讨论 2.9万阅读
中山大学2023年开学典礼,https://s.weibo.com/weibo?q=%23%E4%B8%AD%E5%B1%B1%E5%A4%A7%E5%AD%A62023%E5%B9%B4%E5%BC%80%E5%AD%A6%E5%85%B8%E7%A4%BC%23,49讨论 18.9万阅读
中山大学电影考研,https://s.weibo.com/weibo?q=%23%E4%B8%AD%E5%B1%B1%E5%A4%A7%E5%AD%A6%E7%94%B5%E5%BD%B1%E8%80%83%E7%A0%94%23,100讨论 9752阅读
中山大学开放社会公众预约参观,https://s.weibo.com/weibo?q=%23%E4%B8%AD%E5%B1%B1%E5%A4%A7%E5%AD%A6%E5%BC%80%E6%94%BE%E7%A4%BE%E4%BC%9A%E5%85%AC%E4%BC%97%E9%A2%84%E7%BA%A6%E5%8F%82%E8%A7%82%23,90讨论 81.7万阅读
中山大学校方性骚扰女学生,https://s.weibo.com/weibo/%23%E4%B8%AD%E5%B1%B1%E5%A4%A7%E5%AD%A6%E6%A0%A1%E6%96%B9%E6%80%A7%E9%AA%9A%E6%89%B0%E5%A5%B3%E5%AD%A6%E7%94%9F%23,1436讨论 44.8万阅读
中山大学南方学院教师性侵案二审,https://s.weibo.com/weibo?q=%23%E4%B8%AD%E5%B1%B1%E5%A4%A7%E5%AD%A6%E5%8D%97%E6%96%B9%E5%AD%A6%E9%99%A2%E6%95%99%E5%B8%88%E6%80%A7%E4%BE%B5%E6%A1%88%E4%BA%8C%E5%AE%A1%23,111讨论 25.6万阅读
中山大学本科生班级微博策划大赛,https://s.weibo.com/weibo/%23%E4%B8%AD%E5%B1%B1%E5%A4%A7%E5%AD%A6%E6%9C%AC%E7%A7%91%E7%94%9F%E7%8F%AD%E7%BA%A7%E5%BE%AE%E5%8D%9A%E7%AD%96%E5%88%92%E5%A4%A7%E8%B5%9B%23,332讨论 8.9万阅读
马克龙在中山大学完成演讲离开,https://s.weibo.com/weibo?q=%23%E9%A9%AC%E5%85%8B%E9%BE%99%E5%9C%A8%E4%B8%AD%E5%B1%B1%E5%A4%A7%E5%AD%A6%E5%AE%8C%E6%88%90%E6%BC%94%E8%AE%B2%E7%A6%BB%E5%BC%80%23,8讨论 28.1万阅读
中山大学深圳校区年底基本完工,https://s.weibo.com/weibo?q=%23%E4%B8%AD%E5%B1%B1%E5%A4%A7%E5%AD%A6%E6%B7%B1%E5%9C%B3%E6%A0%A1%E5%8C%BA%E5%B9%B4%E5%BA%95%E5%9F%BA%E6%9C%AC%E5%AE%8C%E5%B7%A5%23,55讨论 33.1万阅读
中山大学教授,https://s.weibo.com/weibo/%23%E4%B8%AD%E5%B1%B1%E5%A4%A7%E5%AD%A6%E6%95%99%E6%8E%88%23,125讨论 8.3万阅读
中山大学对法学院某教师启动师德师风调查,https://s.weibo.com/weibo?q=%23%E4%B8%AD%E5%B1%B1%E5%A4%A7%E5%AD%A6%E5%AF%B9%E6%B3%95%E5%AD%A6%E9%99%A2%E6%9F%90%E6%95%99%E5%B8%88%E5%90%AF%E5%8A%A8%E5%B8%88%E5%BE%B7%E5%B8%88%E9%A3%8E%E8%B0%83%E6%9F%A5%23,61讨论 72万阅读
中山大学2022年首封本科录取通知书送达,https://s.weibo.com/weibo?q=%23%E4%B8%AD%E5%B1%B1%E5%A4%A7%E5%AD%A62022%E5%B9%B4%E9%A6%96%E5%B0%81%E6%9C%AC%E7%A7%91%E5%BD%95%E5%8F%96%E9%80%9A%E7%9F%A5%E4%B9%A6%E9%80%81%E8%BE%BE%23,18讨论 346.2万阅读
中山大学护理考研,https://s.weibo.com/weibo/%23%E4%B8%AD%E5%B1%B1%E5%A4%A7%E5%AD%A6%E6%8A%A4%E7%90%86%E8%80%83%E7%A0%94%23,78讨论 4272阅读
中山大学教师王晓伟被解聘,https://s.weibo.com/weibo?q=%23%E4%B8%AD%E5%B1%B1%E5%A4%A7%E5%AD%A6%E6%95%99%E5%B8%88%E7%8E%8B%E6%99%93%E4%BC%9F%E8%A2%AB%E8%A7%A3%E8%81%98%23,29讨论 75万阅读
中山大学王猛团队发现全新高温超导体,https://s.weibo.com/weibo?q=%23%E4%B8%AD%E5%B1%B1%E5%A4%A7%E5%AD%A6%E7%8E%8B%E7%8C%9B%E5%9B%A2%E9%98%9F%E5%8F%91%E7%8E%B0%E5%85%A8%E6%96%B0%E9%AB%98%E6%B8%A9%E8%B6%85%E5%AF%BC%E4%BD%93%23,6讨论 4.3万阅读
中山大学录取通知书上新,https://s.weibo.com/weibo?q=%23%E4%B8%AD%E5%B1%B1%E5%A4%A7%E5%AD%A6%E5%BD%95%E5%8F%96%E9%80%9A%E7%9F%A5%E4%B9%A6%E4%B8%8A%E6%96%B0%23,9讨论 17.3万阅读
中山大学南方学院被性侵女生发声,https://s.weibo.com/weibo?q=%23%E4%B8%AD%E5%B1%B1%E5%A4%A7%E5%AD%A6%E5%8D%97%E6%96%B9%E5%AD%A6%E9%99%A2%E8%A2%AB%E6%80%A7%E4%BE%B5%E5%A5%B3%E7%94%9F%E5%8F%91%E5%A3%B0%23,64讨论 47.8万阅读
中山大学回应教授因性丑闻被举报,https://s.weibo.com/weibo?q=%23%E4%B8%AD%E5%B1%B1%E5%A4%A7%E5%AD%A6%E5%9B%9E%E5%BA%94%E6%95%99%E6%8E%88%E5%9B%A0%E6%80%A7%E4%B8%91%E9%97%BB%E8%A2%AB%E4%B8%BE%E6%8A%A5%23,173讨论 75.7万阅读
莫斯科也曾有一所中山大学,https://s.weibo.com/weibo?q=%23%E8%8E%AB%E6%96%AF%E7%A7%91%E4%B9%9F%E6%9B%BE%E6%9C%89%E4%B8%80%E6%89%80%E4%B8%AD%E5%B1%B1%E5%A4%A7%E5%AD%A6%23,37讨论 25.7万阅读
中山大学录取通知书随赠普洱茶,https://s.weibo.com/weibo?q=%23%E4%B8%AD%E5%B1%B1%E5%A4%A7%E5%AD%A6%E5%BD%95%E5%8F%96%E9%80%9A%E7%9F%A5%E4%B9%A6%E9%9A%8F%E8%B5%A0%E6%99%AE%E6%B4%B1%E8%8C%B6%23,254讨论 1.1万阅读
中山大学通报李某某被举报出轨,https://s.weibo.com/weibo?q=%23%E4%B8%AD%E5%B1%B1%E5%A4%A7%E5%AD%A6%E9%80%9A%E6%8A%A5%E6%9D%8E%E6%9F%90%E6%9F%90%E8%A2%AB%E4%B8%BE%E6%8A%A5%E5%87%BA%E8%BD%A8%23,14讨论 29.1万阅读
中山大学李某某被解除聘用合同,https://s.weibo.com/weibo?q=%23%E4%B8%AD%E5%B1%B1%E5%A4%A7%E5%AD%A6%E6%9D%8E%E6%9F%90%E6%9F%90%E8%A2%AB%E8%A7%A3%E9%99%A4%E8%81%98%E7%94%A8%E5%90%88%E5%90%8C%23,14讨论 29.1万阅读
中山大学南方学院图书馆,https://s.weibo.com/weibo/%23%E4%B8%AD%E5%B1%B1%E5%A4%A7%E5%AD%A6%E5%8D%97%E6%96%B9%E5%AD%A6%E9%99%A2%E5%9B%BE%E4%B9%A6%E9%A6%86%23,109讨论 1386阅读
中山大学南校园疑似发现古墓,https://s.weibo.com/weibo?q=%23%E4%B8%AD%E5%B1%B1%E5%A4%A7%E5%AD%A6%E5%8D%97%E6%A0%A1%E5%9B%AD%E7%96%91%E4%BC%BC%E5%8F%91%E7%8E%B0%E5%8F%A4%E5%A2%93%23,12讨论 32.2万阅读
中山大学深夜通报贫困生炫富事件,https://s.weibo.com/weibo?q=%23%E4%B8%AD%E5%B1%B1%E5%A4%A7%E5%AD%A6%E6%B7%B1%E5%A4%9C%E9%80%9A%E6%8A%A5%E8%B4%AB%E5%9B%B0%E7%94%9F%E7%82%AB%E5%AF%8C%E4%BA%8B%E4%BB%B6%23,9讨论 1.5万阅读
中山大学东校区设门禁,https://s.weibo.com/weibo?q=%23%E4%B8%AD%E5%B1%B1%E5%A4%A7%E5%AD%A6%E4%B8%9C%E6%A0%A1%E5%8C%BA%E8%AE%BE%E9%97%A8%E7%A6%81%23,34讨论 48.3万阅读
2023中山大学全国首封录取通知书颁发,https://s.weibo.com/weibo?q=%232023%E4%B8%AD%E5%B1%B1%E5%A4%A7%E5%AD%A6%E5%85%A8%E5%9B%BD%E9%A6%96%E5%B0%81%E5%BD%95%E5%8F%96%E9%80%9A%E7%9F%A5%E4%B9%A6%E9%A2%81%E5%8F%91%23,5讨论 10.6万阅读
中山大学深圳附属学校今秋投入使用,https://s.weibo.com/weibo?q=%23%E4%B8%AD%E5%B1%B1%E5%A4%A7%E5%AD%A6%E6%B7%B1%E5%9C%B3%E9%99%84%E5%B1%9E%E5%AD%A6%E6%A0%A1%E4%BB%8A%E7%A7%8B%E6%8A%95%E5%85%A5%E4%BD%BF%E7%94%A8%23,119讨论 6.8万阅读
中山大学一副研究员被爆婚内出轨,https://s.weibo.com/weibo?q=%23%E4%B8%AD%E5%B1%B1%E5%A4%A7%E5%AD%A6%E4%B8%80%E5%89%AF%E7%A0%94%E7%A9%B6%E5%91%98%E8%A2%AB%E7%88%86%E5%A9%9A%E5%86%85%E5%87%BA%E8%BD%A8%23,21讨论 36.1万阅读
中山大学宣讲会,https://s.weibo.com/weibo/%23%E4%B8%AD%E5%B1%B1%E5%A4%A7%E5%AD%A6%E5%AE%A3%E8%AE%B2%E4%BC%9A%23,119讨论 38.3万阅读
法国总统马克龙4月7日抵达中山大学,https://s.weibo.com/weibo?q=%23%E6%B3%95%E5%9B%BD%E6%80%BB%E7%BB%9F%E9%A9%AC%E5%85%8B%E9%BE%994%E6%9C%887%E6%97%A5%E6%8A%B5%E8%BE%BE%E4%B8%AD%E5%B1%B1%E5%A4%A7%E5%AD%A6%23,4讨论 14.6万阅读
中山大学一出轨副研究员被解除合同,https://s.weibo.com/weibo?q=%23%E4%B8%AD%E5%B1%B1%E5%A4%A7%E5%AD%A6%E4%B8%80%E5%87%BA%E8%BD%A8%E5%89%AF%E7%A0%94%E7%A9%B6%E5%91%98%E8%A2%AB%E8%A7%A3%E9%99%A4%E5%90%88%E5%90%8C%23,30讨论 36.9万阅读
中山大学深圳校区雏形已现,https://s.weibo.com/weibo?q=%23%E4%B8%AD%E5%B1%B1%E5%A4%A7%E5%AD%A6%E6%B7%B1%E5%9C%B3%E6%A0%A1%E5%8C%BA%E9%9B%8F%E5%BD%A2%E5%B7%B2%E7%8E%B0%23,113讨论 6.1万阅读
中山大学正式封闭管理,https://s.weibo.com/weibo?q=%23%E4%B8%AD%E5%B1%B1%E5%A4%A7%E5%AD%A6%E6%AD%A3%E5%BC%8F%E5%B0%81%E9%97%AD%E7%AE%A1%E7%90%86%23,29讨论 37.7万阅读
中山大学418名学生获国家奖学金,https://s.weibo.com/weibo?q=%23%E4%B8%AD%E5%B1%B1%E5%A4%A7%E5%AD%A6418%E5%90%8D%E5%AD%A6%E7%94%9F%E8%8E%B7%E5%9B%BD%E5%AE%B6%E5%A5%96%E5%AD%A6%E9%87%91%23,33讨论 42.9万阅读
中山大学中山医学院第一临床医学院,https://s.weibo.com/weibo/%23%E4%B8%AD%E5%B1%B1%E5%A4%A7%E5%AD%A6%E4%B8%AD%E5%B1%B1%E5%8C%BB%E5%AD%A6%E9%99%A2%E7%AC%AC%E4%B8%80%E4%B8%B4%E5%BA%8A%E5%8C%BB%E5%AD%A6%E9%99%A2%23,92讨论 0阅读
中山大学伍舜德国际学术交流中心,https://s.weibo.com/weibo/%23%E4%B8%AD%E5%B1%B1%E5%A4%A7%E5%AD%A6%E4%BC%8D%E8%88%9C%E5%BE%B7%E5%9B%BD%E9%99%85%E5%AD%A6%E6%9C%AF%E4%BA%A4%E6%B5%81%E4%B8%AD%E5%BF%83%23,85讨论 760阅读
中山大学粤港澳发展研究院,https://s.weibo.com/weibo/%23%E4%B8%AD%E5%B1%B1%E5%A4%A7%E5%AD%A6%E7%B2%A4%E6%B8%AF%E6%BE%B3%E5%8F%91%E5%B1%95%E7%A0%94%E7%A9%B6%E9%99%A2%23,243讨论 2.9万阅读
中山大学回应副研究员被爆婚内出轨,https://s.weibo.com/weibo?q=%23%E4%B8%AD%E5%B1%B1%E5%A4%A7%E5%AD%A6%E5%9B%9E%E5%BA%94%E5%89%AF%E7%A0%94%E7%A9%B6%E5%91%98%E8%A2%AB%E7%88%86%E5%A9%9A%E5%86%85%E5%87%BA%E8%BD%A8%23,21讨论 36.1万阅读
中山大学护理,https://s.weibo.com/weibo?q=%23%E4%B8%AD%E5%B1%B1%E5%A4%A7%E5%AD%A6%E6%8A%A4%E7%90%86%23,120讨论 2.7万阅读
中山大学宣布解聘王晓玮,https://s.weibo.com/weibo?q=%23%E4%B8%AD%E5%B1%B1%E5%A4%A7%E5%AD%A6%E5%AE%A3%E5%B8%83%E8%A7%A3%E8%81%98%E7%8E%8B%E6%99%93%E7%8E%AE%23,22讨论 36万阅读
中山大学贫困生被举报炫富最新进展,https://s.weibo.com/weibo?q=%23%E4%B8%AD%E5%B1%B1%E5%A4%A7%E5%AD%A6%E8%B4%AB%E5%9B%B0%E7%94%9F%E8%A2%AB%E4%B8%BE%E6%8A%A5%E7%82%AB%E5%AF%8C%E6%9C%80%E6%96%B0%E8%BF%9B%E5%B1%95%23,48讨论 5.2万阅读
中山大学回应教授网课直播出轨,https://s.weibo.com/weibo?q=%23%E4%B8%AD%E5%B1%B1%E5%A4%A7%E5%AD%A6%E5%9B%9E%E5%BA%94%E6%95%99%E6%8E%88%E7%BD%91%E8%AF%BE%E7%9B%B4%E6%92%AD%E5%87%BA%E8%BD%A8%23,15讨论 33.3万阅读
转自中山大学附属第三医院感染科李主任,https://s.weibo.com/weibo?q=%23%E8%BD%AC%E8%87%AA%E4%B8%AD%E5%B1%B1%E5%A4%A7%E5%AD%A6%E9%99%84%E5%B1%9E%E7%AC%AC%E4%B8%89%E5%8C%BB%E9%99%A2%E6%84%9F%E6%9F%93%E7%A7%91%E6%9D%8E%E4%B8%BB%E4%BB%BB%23,106讨论 14.7万阅读
中山大学南方学院出校管理,https://s.weibo.com/weibo?q=%23%E4%B8%AD%E5%B1%B1%E5%A4%A7%E5%AD%A6%E5%8D%97%E6%96%B9%E5%AD%A6%E9%99%A2%E5%87%BA%E6%A0%A1%E7%AE%A1%E7%90%86%23,386讨论 114.7万阅读
中山大学号下水,https://s.weibo.com/weibo?q=%23%E4%B8%AD%E5%B1%B1%E5%A4%A7%E5%AD%A6%E5%8F%B7%E4%B8%8B%E6%B0%B4%23,51讨论 31.3万阅读
中山大学又发现古墓,https://s.weibo.com/weibo?q=%23%E4%B8%AD%E5%B1%B1%E5%A4%A7%E5%AD%A6%E5%8F%88%E5%8F%91%E7%8E%B0%E5%8F%A4%E5%A2%93%23,17讨论 63.2万阅读
中山大学 东校区 教学实验中心,https://s.weibo.com/weibo/%23%E4%B8%AD%E5%B1%B1%E5%A4%A7%E5%AD%A6%20%E4%B8%9C%E6%A0%A1%E5%8C%BA%20%E6%95%99%E5%AD%A6%E5%AE%9E%E9%AA%8C%E4%B8%AD%E5%BF%83%23,85讨论 762阅读
网曝中山大学食堂男女同价不同量,https://s.weibo.com/weibo?q=%23%E7%BD%91%E6%9B%9D%E4%B8%AD%E5%B1%B1%E5%A4%A7%E5%AD%A6%E9%A3%9F%E5%A0%82%E7%94%B7%E5%A5%B3%E5%90%8C%E4%BB%B7%E4%B8%8D%E5%90%8C%E9%87%8F%23,16讨论 15.5万阅读
对话向马克龙总统提问的中山大学学生,https://s.weibo.com/weibo?q=%23%E5%AF%B9%E8%AF%9D%E5%90%91%E9%A9%AC%E5%85%8B%E9%BE%99%E6%80%BB%E7%BB%9F%E6%8F%90%E9%97%AE%E7%9A%84%E4%B8%AD%E5%B1%B1%E5%A4%A7%E5%AD%A6%E5%AD%A6%E7%94%9F%23,3讨论 6.4万阅读
中山大学90周年校庆,https://s.weibo.com/weibo/%23%E4%B8%AD%E5%B1%B1%E5%A4%A7%E5%AD%A690%E5%91%A8%E5%B9%B4%E6%A0%A1%E5%BA%86%23,858讨论 507万阅读
湛江第一中学91名学生考入中山大学,https://s.weibo.com/weibo?q=%23%E6%B9%9B%E6%B1%9F%E7%AC%AC%E4%B8%80%E4%B8%AD%E5%AD%A691%E5%90%8D%E5%AD%A6%E7%94%9F%E8%80%83%E5%85%A5%E4%B8%AD%E5%B1%B1%E5%A4%A7%E5%AD%A6%23,92讨论 74.3万阅读
揭秘中山大学录取通知书诞生过程,https://s.weibo.com/weibo?q=%23%E6%8F%AD%E7%A7%98%E4%B8%AD%E5%B1%B1%E5%A4%A7%E5%AD%A6%E5%BD%95%E5%8F%96%E9%80%9A%E7%9F%A5%E4%B9%A6%E8%AF%9E%E7%94%9F%E8%BF%87%E7%A8%8B%23,74讨论 75.6万阅读
中山大学用核技术灭蚊,https://s.weibo.com/weibo?q=%23%E4%B8%AD%E5%B1%B1%E5%A4%A7%E5%AD%A6%E7%94%A8%E6%A0%B8%E6%8A%80%E6%9C%AF%E7%81%AD%E8%9A%8A%23,17讨论 17.6万阅读
中山大学首封本科录取通知书送达,https://s.weibo.com/weibo?q=%23%E4%B8%AD%E5%B1%B1%E5%A4%A7%E5%AD%A6%E9%A6%96%E5%B0%81%E6%9C%AC%E7%A7%91%E5%BD%95%E5%8F%96%E9%80%9A%E7%9F%A5%E4%B9%A6%E9%80%81%E8%BE%BE%23,101讨论 22.4万阅读
2019中山大学考研,https://s.weibo.com/weibo?q=%232019%E4%B8%AD%E5%B1%B1%E5%A4%A7%E5%AD%A6%E8%80%83%E7%A0%94%23,345讨论 11.4万阅读
中山大学附属仁济医院主体结构封顶,https://s.weibo.com/weibo?q=%23%E4%B8%AD%E5%B1%B1%E5%A4%A7%E5%AD%A6%E9%99%84%E5%B1%9E%E4%BB%81%E6%B5%8E%E5%8C%BB%E9%99%A2%E4%B8%BB%E4%BD%93%E7%BB%93%E6%9E%84%E5%B0%81%E9%A1%B6%23,18讨论 134.8万阅读
中山大学不再开设的专业被排在全国第6,https://s.weibo.com/weibo?q=%23%E4%B8%AD%E5%B1%B1%E5%A4%A7%E5%AD%A6%E4%B8%8D%E5%86%8D%E5%BC%80%E8%AE%BE%E7%9A%84%E4%B8%93%E4%B8%9A%E8%A2%AB%E6%8E%92%E5%9C%A8%E5%85%A8%E5%9B%BD%E7%AC%AC6%23,48讨论 38.2万阅读
罗俊不再担任中山大学校长,https://s.weibo.com/weibo?q=%23%E7%BD%97%E4%BF%8A%E4%B8%8D%E5%86%8D%E6%8B%85%E4%BB%BB%E4%B8%AD%E5%B1%B1%E5%A4%A7%E5%AD%A6%E6%A0%A1%E9%95%BF%23,29讨论 33.3万阅读
中山大学通报教师网课不当行为,https://s.weibo.com/weibo?q=%23%E4%B8%AD%E5%B1%B1%E5%A4%A7%E5%AD%A6%E9%80%9A%E6%8A%A5%E6%95%99%E5%B8%88%E7%BD%91%E8%AF%BE%E4%B8%8D%E5%BD%93%E8%A1%8C%E4%B8%BA%23,9讨论 13.1万阅读
中山大学首次跻身全球百强,https://s.weibo.com/weibo?q=%23%E4%B8%AD%E5%B1%B1%E5%A4%A7%E5%AD%A6%E9%A6%96%E6%AC%A1%E8%B7%BB%E8%BA%AB%E5%85%A8%E7%90%83%E7%99%BE%E5%BC%BA%23,68讨论 48.8万阅读
中山大学旅游学院,https://s.weibo.com/weibo/%23%E4%B8%AD%E5%B1%B1%E5%A4%A7%E5%AD%A6%E6%97%85%E6%B8%B8%E5%AD%A6%E9%99%A2%23,52讨论 5674阅读
化妆品企业碰瓷中山大学被罚10万,https://s.weibo.com/weibo?q=%23%E5%8C%96%E5%A6%86%E5%93%81%E4%BC%81%E4%B8%9A%E7%A2%B0%E7%93%B7%E4%B8%AD%E5%B1%B1%E5%A4%A7%E5%AD%A6%E8%A2%AB%E7%BD%9A10%E4%B8%87%23,35讨论 41万阅读
中山大学教授发现镍基高温超导体,https://s.weibo.com/weibo?q=%23%E4%B8%AD%E5%B1%B1%E5%A4%A7%E5%AD%A6%E6%95%99%E6%8E%88%E5%8F%91%E7%8E%B0%E9%95%8D%E5%9F%BA%E9%AB%98%E6%B8%A9%E8%B6%85%E5%AF%BC%E4%BD%93%23,5讨论 2.3万阅读
中山大学2022年首封录取通知书送达,https://s.weibo.com/weibo?q=%23%E4%B8%AD%E5%B1%B1%E5%A4%A7%E5%AD%A62022%E5%B9%B4%E9%A6%96%E5%B0%81%E5%BD%95%E5%8F%96%E9%80%9A%E7%9F%A5%E4%B9%A6%E9%80%81%E8%BE%BE%23,25讨论 36.8万阅读
法国总统马克龙到访中山大学,https://s.weibo.com/weibo?q=%23%E6%B3%95%E5%9B%BD%E6%80%BB%E7%BB%9F%E9%A9%AC%E5%85%8B%E9%BE%99%E5%88%B0%E8%AE%BF%E4%B8%AD%E5%B1%B1%E5%A4%A7%E5%AD%A6%23,7讨论 3.3万阅读
中山大学回应网传一教师师德师风问题,https://s.weibo.com/weibo?q=%23%E4%B8%AD%E5%B1%B1%E5%A4%A7%E5%AD%A6%E5%9B%9E%E5%BA%94%E7%BD%91%E4%BC%A0%E4%B8%80%E6%95%99%E5%B8%88%E5%B8%88%E5%BE%B7%E5%B8%88%E9%A3%8E%E9%97%AE%E9%A2%98%23,18讨论 27.8万阅读
马克龙将访中山大学,https://s.weibo.com/weibo?q=%23%E9%A9%AC%E5%85%8B%E9%BE%99%E5%B0%86%E8%AE%BF%E4%B8%AD%E5%B1%B1%E5%A4%A7%E5%AD%A6%23,7讨论 17.1万阅读
中山大学一学生被开除学籍,https://s.weibo.com/weibo?q=%23%E4%B8%AD%E5%B1%B1%E5%A4%A7%E5%AD%A6%E4%B8%80%E5%AD%A6%E7%94%9F%E8%A2%AB%E5%BC%80%E9%99%A4%E5%AD%A6%E7%B1%8D%23,61讨论 162.9万阅读
中山大学南校区图书馆三楼,https://s.weibo.com/weibo?q=%23%E4%B8%AD%E5%B1%B1%E5%A4%A7%E5%AD%A6%E5%8D%97%E6%A0%A1%E5%8C%BA%E5%9B%BE%E4%B9%A6%E9%A6%86%E4%B8%89%E6%A5%BC%23,64讨论 0阅读
台湾青年参访中山大学,https://s.weibo.com/weibo?q=%23%E5%8F%B0%E6%B9%BE%E9%9D%92%E5%B9%B4%E5%8F%82%E8%AE%BF%E4%B8%AD%E5%B1%B1%E5%A4%A7%E5%AD%A6%23,16讨论 8万阅读
中山大学回应法学院某教师师德师风问题,https://s.weibo.com/weibo?q=%23%E4%B8%AD%E5%B1%B1%E5%A4%A7%E5%AD%A6%E5%9B%9E%E5%BA%94%E6%B3%95%E5%AD%A6%E9%99%A2%E6%9F%90%E6%95%99%E5%B8%88%E5%B8%88%E5%BE%B7%E5%B8%88%E9%A3%8E%E9%97%AE%E9%A2%98%23,39讨论 54.9万阅读
中山大学通报造谣学生赵某晨,https://s.weibo.com/weibo?q=%23%E4%B8%AD%E5%B1%B1%E5%A4%A7%E5%AD%A6%E9%80%9A%E6%8A%A5%E9%80%A0%E8%B0%A3%E5%AD%A6%E7%94%9F%E8%B5%B5%E6%9F%90%E6%99%A8%23,146讨论 9.1万阅读
中山大学暂停被质疑教师工作,https://s.weibo.com/weibo?q=%23%E4%B8%AD%E5%B1%B1%E5%A4%A7%E5%AD%A6%E6%9A%82%E5%81%9C%E8%A2%AB%E8%B4%A8%E7%96%91%E6%95%99%E5%B8%88%E5%B7%A5%E4%BD%9C%23,10讨论 19.1万阅读
中山大学教授上课发露骨信息被解聘,https://s.weibo.com/weibo?q=%23%E4%B8%AD%E5%B1%B1%E5%A4%A7%E5%AD%A6%E6%95%99%E6%8E%88%E4%B8%8A%E8%AF%BE%E5%8F%91%E9%9C%B2%E9%AA%A8%E4%BF%A1%E6%81%AF%E8%A2%AB%E8%A7%A3%E8%81%98%23,8讨论 13.4万阅读
中山大学成商品名称,https://s.weibo.com/weibo?q=%23%E4%B8%AD%E5%B1%B1%E5%A4%A7%E5%AD%A6%E6%88%90%E5%95%86%E5%93%81%E5%90%8D%E7%A7%B0%23,15讨论 22.8万阅读
2014中山大学优秀毕业生,https://s.weibo.com/weibo/%232014%E4%B8%AD%E5%B1%B1%E5%A4%A7%E5%AD%A6%E4%BC%98%E7%A7%80%E6%AF%95%E4%B8%9A%E7%94%9F%23,243讨论 27.3万阅读
中山大学13级哲学系毕业照,https://s.weibo.com/weibo/%23%E4%B8%AD%E5%B1%B1%E5%A4%A7%E5%AD%A613%E7%BA%A7%E5%93%B2%E5%AD%A6%E7%B3%BB%E6%AF%95%E4%B8%9A%E7%85%A7%23,273讨论 11.8万阅读
中山大学国商团委loving life,https://s.weibo.com/weibo/%23%E4%B8%AD%E5%B1%B1%E5%A4%A7%E5%AD%A6%E5%9B%BD%E5%95%86%E5%9B%A2%E5%A7%94loving%20life%23,77讨论 994阅读
中山大学不再开设专业被排全国第6,https://s.weibo.com/weibo?q=%23%E4%B8%AD%E5%B1%B1%E5%A4%A7%E5%AD%A6%E4%B8%8D%E5%86%8D%E5%BC%80%E8%AE%BE%E4%B8%93%E4%B8%9A%E8%A2%AB%E6%8E%92%E5%85%A8%E5%9B%BD%E7%AC%AC6%23,8讨论 22.1万阅读
中山大学调查某教师师风师德问题,https://s.weibo.com/weibo?q=%23%E4%B8%AD%E5%B1%B1%E5%A4%A7%E5%AD%A6%E8%B0%83%E6%9F%A5%E6%9F%90%E6%95%99%E5%B8%88%E5%B8%88%E9%A3%8E%E5%B8%88%E5%BE%B7%E9%97%AE%E9%A2%98%23,7讨论 8.6万阅读
带中山大学字样产品销量火爆,https://s.weibo.com/weibo?q=%23%E5%B8%A6%E4%B8%AD%E5%B1%B1%E5%A4%A7%E5%AD%A6%E5%AD%97%E6%A0%B7%E4%BA%A7%E5%93%81%E9%94%80%E9%87%8F%E7%81%AB%E7%88%86%23,27讨论 27.8万阅读
中山大学达安基因股份有限公司,https://s.weibo.com/weibo/%23%E4%B8%AD%E5%B1%B1%E5%A4%A7%E5%AD%A6%E8%BE%BE%E5%AE%89%E5%9F%BA%E5%9B%A0%E8%82%A1%E4%BB%BD%E6%9C%89%E9%99%90%E5%85%AC%E5%8F%B8%23,90讨论 1.1万阅读
中山大学研究新成果有望能治疗毒鹅膏菌中毒,https://s.weibo.com/weibo?q=%23%E4%B8%AD%E5%B1%B1%E5%A4%A7%E5%AD%A6%E7%A0%94%E7%A9%B6%E6%96%B0%E6%88%90%E6%9E%9C%E6%9C%89%E6%9C%9B%E8%83%BD%E6%B2%BB%E7%96%97%E6%AF%92%E9%B9%85%E8%86%8F%E8%8F%8C%E4%B8%AD%E6%AF%92%23,11讨论 4.2万阅读
泸州老窖在中山大学,https://s.weibo.com/weibo/%23%E6%B3%B8%E5%B7%9E%E8%80%81%E7%AA%96%E5%9C%A8%E4%B8%AD%E5%B1%B1%E5%A4%A7%E5%AD%A6%23,114讨论 0阅读
中山大学已启动调查,https://s.weibo.com/weibo?q=%23%E4%B8%AD%E5%B1%B1%E5%A4%A7%E5%AD%A6%E5%B7%B2%E5%90%AF%E5%8A%A8%E8%B0%83%E6%9F%A5%23,16讨论 17.3万阅读
2016年中山大学毕业季快闪,https://s.weibo.com/weibo/%232016%E5%B9%B4%E4%B8%AD%E5%B1%B1%E5%A4%A7%E5%AD%A6%E6%AF%95%E4%B8%9A%E5%AD%A3%E5%BF%AB%E9%97%AA%23,525讨论 38.7万阅读
中山大学87周年校庆校友日,https://s.weibo.com/weibo/%23%E4%B8%AD%E5%B1%B1%E5%A4%A7%E5%AD%A687%E5%91%A8%E5%B9%B4%E6%A0%A1%E5%BA%86%E6%A0%A1%E5%8F%8B%E6%97%A5%23,140讨论 10阅读
马克龙为中山大学医科点赞,https://s.weibo.com/weibo?q=%23%E9%A9%AC%E5%85%8B%E9%BE%99%E4%B8%BA%E4%B8%AD%E5%B1%B1%E5%A4%A7%E5%AD%A6%E5%8C%BB%E7%A7%91%E7%82%B9%E8%B5%9E%23,6讨论 5.4万阅读
马克龙中山大学,https://s.weibo.com/weibo?q=%23%E9%A9%AC%E5%85%8B%E9%BE%99%E4%B8%AD%E5%B1%B1%E5%A4%A7%E5%AD%A6%23,9讨论 4.5万阅读
中山大学深圳校区的配色好夏天,https://s.weibo.com/weibo?q=%23%E4%B8%AD%E5%B1%B1%E5%A4%A7%E5%AD%A6%E6%B7%B1%E5%9C%B3%E6%A0%A1%E5%8C%BA%E7%9A%84%E9%85%8D%E8%89%B2%E5%A5%BD%E5%A4%8F%E5%A4%A9%23,1讨论 2.1万阅读
中山大学港澳珠江三角洲研究中心,https://s.weibo.com/weibo/%23%E4%B8%AD%E5%B1%B1%E5%A4%A7%E5%AD%A6%E6%B8%AF%E6%BE%B3%E7%8F%A0%E6%B1%9F%E4%B8%89%E8%A7%92%E6%B4%B2%E7%A0%94%E7%A9%B6%E4%B8%AD%E5%BF%83%23,379讨论 2.5万阅读
2012年中山大学年度人物评选,https://s.weibo.com/weibo/%232012%E5%B9%B4%E4%B8%AD%E5%B1%B1%E5%A4%A7%E5%AD%A6%E5%B9%B4%E5%BA%A6%E4%BA%BA%E7%89%A9%E8%AF%84%E9%80%89%23,69讨论 184阅读
85后老师出任中山大学管理学院副院长,https://s.weibo.com/weibo?q=%2385%E5%90%8E%E8%80%81%E5%B8%88%E5%87%BA%E4%BB%BB%E4%B8%AD%E5%B1%B1%E5%A4%A7%E5%AD%A6%E7%AE%A1%E7%90%86%E5%AD%A6%E9%99%A2%E5%89%AF%E9%99%A2%E9%95%BF%23,19讨论 40.7万阅读
中山大学连续两名研究生自杀,https://s.weibo.com/weibo?q=%23%E4%B8%AD%E5%B1%B1%E5%A4%A7%E5%AD%A6%E8%BF%9E%E7%BB%AD%E4%B8%A4%E5%90%8D%E7%A0%94%E7%A9%B6%E7%94%9F%E8%87%AA%E6%9D%80%23,213讨论 1.5万阅读
500毫克月球土壤样品抵达中山大学,https://s.weibo.com/weibo?q=%23500%E6%AF%AB%E5%85%8B%E6%9C%88%E7%90%83%E5%9C%9F%E5%A3%A4%E6%A0%B7%E5%93%81%E6%8A%B5%E8%BE%BE%E4%B8%AD%E5%B1%B1%E5%A4%A7%E5%AD%A6%23,10讨论 11.1万阅读
医学生在中山大学的末年不正经生活手册,https://s.weibo.com/weibo?q=%23%E5%8C%BB%E5%AD%A6%E7%94%9F%E5%9C%A8%E4%B8%AD%E5%B1%B1%E5%A4%A7%E5%AD%A6%E7%9A%84%E6%9C%AB%E5%B9%B4%E4%B8%8D%E6%AD%A3%E7%BB%8F%E7%94%9F%E6%B4%BB%E6%89%8B%E5%86%8C%23,126讨论 37.1万阅读
中山大学行为不当教师被解聘,https://s.weibo.com/weibo?q=%23%E4%B8%AD%E5%B1%B1%E5%A4%A7%E5%AD%A6%E8%A1%8C%E4%B8%BA%E4%B8%8D%E5%BD%93%E6%95%99%E5%B8%88%E8%A2%AB%E8%A7%A3%E8%81%98%23,177讨论 340.7万阅读
中山大学校徽被玩坏,https://s.weibo.com/weibo/%23%E4%B8%AD%E5%B1%B1%E5%A4%A7%E5%AD%A6%E6%A0%A1%E5%BE%BD%E8%A2%AB%E7%8E%A9%E5%9D%8F%23,408讨论 137.5万阅读
炫富贫困生被中山大学终止助学金发放,https://s.weibo.com/weibo?q=%23%E7%82%AB%E5%AF%8C%E8%B4%AB%E5%9B%B0%E7%94%9F%E8%A2%AB%E4%B8%AD%E5%B1%B1%E5%A4%A7%E5%AD%A6%E7%BB%88%E6%AD%A2%E5%8A%A9%E5%AD%A6%E9%87%91%E5%8F%91%E6%94%BE%23,4讨论 5.4万阅读
中山大学4男生合力救下投河女子,https://s.weibo.com/weibo?q=%23%E4%B8%AD%E5%B1%B1%E5%A4%A7%E5%AD%A64%E7%94%B7%E7%94%9F%E5%90%88%E5%8A%9B%E6%95%91%E4%B8%8B%E6%8A%95%E6%B2%B3%E5%A5%B3%E5%AD%90%23,1202讨论 814万阅读
中山大学开放社会公众预约参观渠道,https://s.weibo.com/weibo?q=%23%E4%B8%AD%E5%B1%B1%E5%A4%A7%E5%AD%A6%E5%BC%80%E6%94%BE%E7%A4%BE%E4%BC%9A%E5%85%AC%E4%BC%97%E9%A2%84%E7%BA%A6%E5%8F%82%E8%A7%82%E6%B8%A0%E9%81%93%23,4讨论 4.9万阅读
中山大学不再开设的专业被排全国第6,https://s.weibo.com/weibo?q=%23%E4%B8%AD%E5%B1%B1%E5%A4%A7%E5%AD%A6%E4%B8%8D%E5%86%8D%E5%BC%80%E8%AE%BE%E7%9A%84%E4%B8%93%E4%B8%9A%E8%A2%AB%E6%8E%92%E5%85%A8%E5%9B%BD%E7%AC%AC6%23,11讨论 19万阅读
中山大学教授办展记录百年弦歌,https://s.weibo.com/weibo?q=%23%E4%B8%AD%E5%B1%B1%E5%A4%A7%E5%AD%A6%E6%95%99%E6%8E%88%E5%8A%9E%E5%B1%95%E8%AE%B0%E5%BD%95%E7%99%BE%E5%B9%B4%E5%BC%A6%E6%AD%8C%23,73讨论 4.6万阅读
爱泡馆的中山大学,https://s.weibo.com/weibo/%23%E7%88%B1%E6%B3%A1%E9%A6%86%E7%9A%84%E4%B8%AD%E5%B1%B1%E5%A4%A7%E5%AD%A6%23,353讨论 9.4万阅读
中山大学复试口语,https://s.weibo.com/weibo?q=%23%E4%B8%AD%E5%B1%B1%E5%A4%A7%E5%AD%A6%E5%A4%8D%E8%AF%95%E5%8F%A3%E8%AF%AD%23,119讨论 2万阅读
中山大学卫生巾互助盒,https://s.weibo.com/weibo?q=%23%E4%B8%AD%E5%B1%B1%E5%A4%A7%E5%AD%A6%E5%8D%AB%E7%94%9F%E5%B7%BE%E4%BA%92%E5%8A%A9%E7%9B%92%23,564讨论 139.1万阅读
我的中山大学梦,https://s.weibo.com/weibo?q=%23%E6%88%91%E7%9A%84%E4%B8%AD%E5%B1%B1%E5%A4%A7%E5%AD%A6%E6%A2%A6%23,319讨论 7.4万阅读
中山大学通报副教授网课不当行为,https://s.weibo.com/weibo?q=%23%E4%B8%AD%E5%B1%B1%E5%A4%A7%E5%AD%A6%E9%80%9A%E6%8A%A5%E5%89%AF%E6%95%99%E6%8E%88%E7%BD%91%E8%AF%BE%E4%B8%8D%E5%BD%93%E8%A1%8C%E4%B8%BA%23,40讨论 2.5万阅读
2018中山大学考研,https://s.weibo.com/weibo/%232018%E4%B8%AD%E5%B1%B1%E5%A4%A7%E5%AD%A6%E8%80%83%E7%A0%94%23,269讨论 5.5万阅读
林斌刘向东向中山大学捐1亿元,https://s.weibo.com/weibo?q=%23%E6%9E%97%E6%96%8C%E5%88%98%E5%90%91%E4%B8%9C%E5%90%91%E4%B8%AD%E5%B1%B1%E5%A4%A7%E5%AD%A6%E6%8D%901%E4%BA%BF%E5%85%83%23,12讨论 28.4万阅读
中山大学开放预约参观渠道,https://s.weibo.com/weibo?q=%23%E4%B8%AD%E5%B1%B1%E5%A4%A7%E5%AD%A6%E5%BC%80%E6%94%BE%E9%A2%84%E7%BA%A6%E5%8F%82%E8%A7%82%E6%B8%A0%E9%81%93%23,7讨论 14.4万阅读
中山大学南校园列入封控区,https://s.weibo.com/weibo?q=%23%E4%B8%AD%E5%B1%B1%E5%A4%A7%E5%AD%A6%E5%8D%97%E6%A0%A1%E5%9B%AD%E5%88%97%E5%85%A5%E5%B0%81%E6%8E%A7%E5%8C%BA%23,1讨论 13.4万阅读
中山大学学生穿马面裙与台青合影,https://s.weibo.com/weibo?q=%23%E4%B8%AD%E5%B1%B1%E5%A4%A7%E5%AD%A6%E5%AD%A6%E7%94%9F%E7%A9%BF%E9%A9%AC%E9%9D%A2%E8%A3%99%E4%B8%8E%E5%8F%B0%E9%9D%92%E5%90%88%E5%BD%B1%23,4讨论 5.8万阅读
中山大学南方学院女生不谅解,https://s.weibo.com/weibo?q=%23%E4%B8%AD%E5%B1%B1%E5%A4%A7%E5%AD%A6%E5%8D%97%E6%96%B9%E5%AD%A6%E9%99%A2%E5%A5%B3%E7%94%9F%E4%B8%8D%E8%B0%85%E8%A7%A3%23,75讨论 4.2万阅读
中山大学号顺利入泊珠海母港,https://s.weibo.com/weibo?q=%23%E4%B8%AD%E5%B1%B1%E5%A4%A7%E5%AD%A6%E5%8F%B7%E9%A1%BA%E5%88%A9%E5%85%A5%E6%B3%8A%E7%8F%A0%E6%B5%B7%E6%AF%8D%E6%B8%AF%23,60讨论 2.9万阅读
中山大学今起开放社会公众预约参观,https://s.weibo.com/weibo?q=%23%E4%B8%AD%E5%B1%B1%E5%A4%A7%E5%AD%A6%E4%BB%8A%E8%B5%B7%E5%BC%80%E6%94%BE%E7%A4%BE%E4%BC%9A%E5%85%AC%E4%BC%97%E9%A2%84%E7%BA%A6%E5%8F%82%E8%A7%82%23,4讨论 6.3万阅读
中山大学通报法学院教师师德师风问题,https://s.weibo.com/weibo?q=%23%E4%B8%AD%E5%B1%B1%E5%A4%A7%E5%AD%A6%E9%80%9A%E6%8A%A5%E6%B3%95%E5%AD%A6%E9%99%A2%E6%95%99%E5%B8%88%E5%B8%88%E5%BE%B7%E5%B8%88%E9%A3%8E%E9%97%AE%E9%A2%98%23,4讨论 4万阅读
中山大学学霸保研宿舍,https://s.weibo.com/weibo?q=%23%E4%B8%AD%E5%B1%B1%E5%A4%A7%E5%AD%A6%E5%AD%A6%E9%9C%B8%E4%BF%9D%E7%A0%94%E5%AE%BF%E8%88%8D%23,105讨论 6.5万阅读
中山大学回应特困生用苹果四件套,https://s.weibo.com/weibo?q=%23%E4%B8%AD%E5%B1%B1%E5%A4%A7%E5%AD%A6%E5%9B%9E%E5%BA%94%E7%89%B9%E5%9B%B0%E7%94%9F%E7%94%A8%E8%8B%B9%E6%9E%9C%E5%9B%9B%E4%BB%B6%E5%A5%97%23,1讨论 8866阅读
中山大学回应校园对外开放,https://s.weibo.com/weibo?q=%23%E4%B8%AD%E5%B1%B1%E5%A4%A7%E5%AD%A6%E5%9B%9E%E5%BA%94%E6%A0%A1%E5%9B%AD%E5%AF%B9%E5%A4%96%E5%BC%80%E6%94%BE%23,6讨论 2.9万阅读
中山大学7大学部全部完成组建,https://s.weibo.com/weibo?q=%23%E4%B8%AD%E5%B1%B1%E5%A4%A7%E5%AD%A67%E5%A4%A7%E5%AD%A6%E9%83%A8%E5%85%A8%E9%83%A8%E5%AE%8C%E6%88%90%E7%BB%84%E5%BB%BA%23,16讨论 3.9万阅读
平台热销中山大学系化妆品系无授权盗用,https://s.weibo.com/weibo?q=%23%E5%B9%B3%E5%8F%B0%E7%83%AD%E9%94%80%E4%B8%AD%E5%B1%B1%E5%A4%A7%E5%AD%A6%E7%B3%BB%E5%8C%96%E5%A6%86%E5%93%81%E7%B3%BB%E6%97%A0%E6%8E%88%E6%9D%83%E7%9B%97%E7%94%A8%23,65讨论 3.9万阅读
贵州双胞胎同被中山大学录取,https://s.weibo.com/weibo?q=%23%E8%B4%B5%E5%B7%9E%E5%8F%8C%E8%83%9E%E8%83%8E%E5%90%8C%E8%A2%AB%E4%B8%AD%E5%B1%B1%E5%A4%A7%E5%AD%A6%E5%BD%95%E5%8F%96%23,3讨论 2.9万阅读
中山大学32个学院在豫招收257人,https://s.weibo.com/weibo?q=%23%E4%B8%AD%E5%B1%B1%E5%A4%A7%E5%AD%A632%E4%B8%AA%E5%AD%A6%E9%99%A2%E5%9C%A8%E8%B1%AB%E6%8B%9B%E6%94%B6257%E4%BA%BA%23,1讨论 3.1万阅读
中山大学三行情书30强进10强评选,https://s.weibo.com/weibo/%23%E4%B8%AD%E5%B1%B1%E5%A4%A7%E5%AD%A6%E4%B8%89%E8%A1%8C%E6%83%85%E4%B9%A630%E5%BC%BA%E8%BF%9B10%E5%BC%BA%E8%AF%84%E9%80%89%23,69讨论 0阅读
2023年中山大学毕业典礼,https://s.weibo.com/weibo?q=%232023%E5%B9%B4%E4%B8%AD%E5%B1%B1%E5%A4%A7%E5%AD%A6%E6%AF%95%E4%B8%9A%E5%85%B8%E7%A4%BC%23,6讨论 7.9万阅读
我和我的学校中山大学,https://s.weibo.com/weibo?q=%23%E6%88%91%E5%92%8C%E6%88%91%E7%9A%84%E5%AD%A6%E6%A0%A1%E4%B8%AD%E5%B1%B1%E5%A4%A7%E5%AD%A6%23,61讨论 84.8万阅读
中山大学深圳校区迎首批师生,https://s.weibo.com/weibo?q=%23%E4%B8%AD%E5%B1%B1%E5%A4%A7%E5%AD%A6%E6%B7%B1%E5%9C%B3%E6%A0%A1%E5%8C%BA%E8%BF%8E%E9%A6%96%E6%89%B9%E5%B8%88%E7%94%9F%23,53讨论 3.2万阅读
广州国企组团到中山大学揽才,https://s.weibo.com/weibo?q=%23%E5%B9%BF%E5%B7%9E%E5%9B%BD%E4%BC%81%E7%BB%84%E5%9B%A2%E5%88%B0%E4%B8%AD%E5%B1%B1%E5%A4%A7%E5%AD%A6%E6%8F%BD%E6%89%8D%23,12讨论 2.5万阅读
高松任中山大学校长系安徽籍,https://s.weibo.com/weibo?q=%23%E9%AB%98%E6%9D%BE%E4%BB%BB%E4%B8%AD%E5%B1%B1%E5%A4%A7%E5%AD%A6%E6%A0%A1%E9%95%BF%E7%B3%BB%E5%AE%89%E5%BE%BD%E7%B1%8D%23,40讨论 2.5万阅读
中山大学优秀班主任、学生导师,https://s.weibo.com/weibo/%23%E4%B8%AD%E5%B1%B1%E5%A4%A7%E5%AD%A6%E4%BC%98%E7%A7%80%E7%8F%AD%E4%B8%BB%E4%BB%BB%E3%80%81%E5%AD%A6%E7%94%9F%E5%AF%BC%E5%B8%88%23,954讨论 22阅读
中山大学优秀班主任、学生导师,https://s.weibo.com/weibo/%23%E4%B8%AD%E5%B1%B1%E5%A4%A7%E5%AD%A6%E4%BC%98%E7%A7%80%E7%8F%AD%E4%B8%BB%E4%BB%BB%E3%80%81%E5%AD%A6%E7%94%9F%E5%AF%BC%E5%B8%88%23,954讨论 22阅读
2012中山大学校友日,https://s.weibo.com/weibo/%232012%E4%B8%AD%E5%B1%B1%E5%A4%A7%E5%AD%A6%E6%A0%A1%E5%8F%8B%E6%97%A5%23,90讨论 0阅读
中山大学89周年校庆体育节,https://s.weibo.com/weibo/%23%E4%B8%AD%E5%B1%B1%E5%A4%A7%E5%AD%A689%E5%91%A8%E5%B9%B4%E6%A0%A1%E5%BA%86%E4%BD%93%E8%82%B2%E8%8A%82%23,73讨论 0阅读
中山大学通报学生诽谤同学,https://s.weibo.com/weibo?q=%23%E4%B8%AD%E5%B1%B1%E5%A4%A7%E5%AD%A6%E9%80%9A%E6%8A%A5%E5%AD%A6%E7%94%9F%E8%AF%BD%E8%B0%A4%E5%90%8C%E5%AD%A6%23,57讨论 125.9万阅读
中山大学中国区域协调发展与乡村建设研究院,https://s.weibo.com/weibo?q=%23%E4%B8%AD%E5%B1%B1%E5%A4%A7%E5%AD%A6%E4%B8%AD%E5%9B%BD%E5%8C%BA%E5%9F%9F%E5%8D%8F%E8%B0%83%E5%8F%91%E5%B1%95%E4%B8%8E%E4%B9%A1%E6%9D%91%E5%BB%BA%E8%AE%BE%E7%A0%94%E7%A9%B6%E9%99%A2%23,155讨论 8.6万阅读
中山大学新华学院第六届新华杯篮球赛,https://s.weibo.com/weibo/%23%E4%B8%AD%E5%B1%B1%E5%A4%A7%E5%AD%A6%E6%96%B0%E5%8D%8E%E5%AD%A6%E9%99%A2%E7%AC%AC%E5%85%AD%E5%B1%8A%E6%96%B0%E5%8D%8E%E6%9D%AF%E7%AF%AE%E7%90%83%E8%B5%9B%23,85讨论 0阅读
中山大学学生会主席造谣同校女生,https://s.weibo.com/weibo?q=%23%E4%B8%AD%E5%B1%B1%E5%A4%A7%E5%AD%A6%E5%AD%A6%E7%94%9F%E4%BC%9A%E4%B8%BB%E5%B8%AD%E9%80%A0%E8%B0%A3%E5%90%8C%E6%A0%A1%E5%A5%B3%E7%94%9F%23,108讨论 5.4万阅读
中山大学认真上课排行榜,https://s.weibo.com/weibo/%23%E4%B8%AD%E5%B1%B1%E5%A4%A7%E5%AD%A6%E8%AE%A4%E7%9C%9F%E4%B8%8A%E8%AF%BE%E6%8E%92%E8%A1%8C%E6%A6%9C%23,597讨论 18阅读
中山大学回应女生被尾随偷拍,https://s.weibo.com/weibo?q=%23%E4%B8%AD%E5%B1%B1%E5%A4%A7%E5%AD%A6%E5%9B%9E%E5%BA%94%E5%A5%B3%E7%94%9F%E8%A2%AB%E5%B0%BE%E9%9A%8F%E5%81%B7%E6%8B%8D%23,8讨论 25万阅读
中山大学回应男子尾随女生偷拍,https://s.weibo.com/weibo?q=%23%E4%B8%AD%E5%B1%B1%E5%A4%A7%E5%AD%A6%E5%9B%9E%E5%BA%94%E7%94%B7%E5%AD%90%E5%B0%BE%E9%9A%8F%E5%A5%B3%E7%94%9F%E5%81%B7%E6%8B%8D%23,99讨论 139.8万阅读
中山大学3名传播谣言学生被记过,https://s.weibo.com/weibo?q=%23%E4%B8%AD%E5%B1%B1%E5%A4%A7%E5%AD%A63%E5%90%8D%E4%BC%A0%E6%92%AD%E8%B0%A3%E8%A8%80%E5%AD%A6%E7%94%9F%E8%A2%AB%E8%AE%B0%E8%BF%87%23,51讨论 68.7万阅读
中山大学今年在河南投放257个招生指标,https://s.weibo.com/weibo?q=%23%E4%B8%AD%E5%B1%B1%E5%A4%A7%E5%AD%A6%E4%BB%8A%E5%B9%B4%E5%9C%A8%E6%B2%B3%E5%8D%97%E6%8A%95%E6%94%BE257%E4%B8%AA%E6%8B%9B%E7%94%9F%E6%8C%87%E6%A0%87%23,60讨论 3.6万阅读
珠海的中山大学又在全国出名了,https://s.weibo.com/weibo?q=%23%E7%8F%A0%E6%B5%B7%E7%9A%84%E4%B8%AD%E5%B1%B1%E5%A4%A7%E5%AD%A6%E5%8F%88%E5%9C%A8%E5%85%A8%E5%9B%BD%E5%87%BA%E5%90%8D%E4%BA%86%23,18讨论 37.4万阅读
中山大学在河南招生257人,https://s.weibo.com/weibo?q=%23%E4%B8%AD%E5%B1%B1%E5%A4%A7%E5%AD%A6%E5%9C%A8%E6%B2%B3%E5%8D%97%E6%8B%9B%E7%94%9F257%E4%BA%BA%23,63讨论 3.6万阅读
探访中山大学号船长休息室,https://s.weibo.com/weibo?q=%23%E6%8E%A2%E8%AE%BF%E4%B8%AD%E5%B1%B1%E5%A4%A7%E5%AD%A6%E5%8F%B7%E8%88%B9%E9%95%BF%E4%BC%91%E6%81%AF%E5%AE%A4%23,142讨论 8.8万阅读
中山大学施工现场挖出古墓,https://s.weibo.com/weibo?q=%23%E4%B8%AD%E5%B1%B1%E5%A4%A7%E5%AD%A6%E6%96%BD%E5%B7%A5%E7%8E%B0%E5%9C%BA%E6%8C%96%E5%87%BA%E5%8F%A4%E5%A2%93%23,614讨论 473.2万阅读
中山大学美容课,https://s.weibo.com/weibo/%23%E4%B8%AD%E5%B1%B1%E5%A4%A7%E5%AD%A6%E7%BE%8E%E5%AE%B9%E8%AF%BE%23,514讨论 37.7万阅读
中山大学3名学生传播谣言被记过,https://s.weibo.com/weibo?q=%23%E4%B8%AD%E5%B1%B1%E5%A4%A7%E5%AD%A63%E5%90%8D%E5%AD%A6%E7%94%9F%E4%BC%A0%E6%92%AD%E8%B0%A3%E8%A8%80%E8%A2%AB%E8%AE%B0%E8%BF%87%23,34讨论 26.2万阅读
中山大学@蔡浩忠chz,https://s.weibo.com/weibo/%23%E4%B8%AD%E5%B1%B1%E5%A4%A7%E5%AD%A6%40%E8%94%A1%E6%B5%A9%E5%BF%A0chz%23,410讨论 132阅读
中山大学首次短信发送考研初试成绩,https://s.weibo.com/weibo?q=%23%E4%B8%AD%E5%B1%B1%E5%A4%A7%E5%AD%A6%E9%A6%96%E6%AC%A1%E7%9F%AD%E4%BF%A1%E5%8F%91%E9%80%81%E8%80%83%E7%A0%94%E5%88%9D%E8%AF%95%E6%88%90%E7%BB%A9%23,5讨论 17.3万阅读
中山大学一名学生诽谤他人被开除学籍,https://s.weibo.com/weibo?q=%23%E4%B8%AD%E5%B1%B1%E5%A4%A7%E5%AD%A6%E4%B8%80%E5%90%8D%E5%AD%A6%E7%94%9F%E8%AF%BD%E8%B0%A4%E4%BB%96%E4%BA%BA%E8%A2%AB%E5%BC%80%E9%99%A4%E5%AD%A6%E7%B1%8D%23,44讨论 2.5万阅读
中山大学河南学子奖学金率146%,https://s.weibo.com/weibo?q=%23%E4%B8%AD%E5%B1%B1%E5%A4%A7%E5%AD%A6%E6%B2%B3%E5%8D%97%E5%AD%A6%E5%AD%90%E5%A5%96%E5%AD%A6%E9%87%91%E7%8E%87146%25%23,111讨论 5.8万阅读
中山大学2013年度人物,https://s.weibo.com/weibo/%23%E4%B8%AD%E5%B1%B1%E5%A4%A7%E5%AD%A62013%E5%B9%B4%E5%BA%A6%E4%BA%BA%E7%89%A9%23,414讨论 2446阅读
中山大学国家大学科技园,https://s.weibo.com/weibo/%23%E4%B8%AD%E5%B1%B1%E5%A4%A7%E5%AD%A6%E5%9B%BD%E5%AE%B6%E5%A4%A7%E5%AD%A6%E7%A7%91%E6%8A%80%E5%9B%AD%23,311讨论 1.1万阅读
中山大学绿植领养,https://s.weibo.com/weibo/%23%E4%B8%AD%E5%B1%B1%E5%A4%A7%E5%AD%A6%E7%BB%BF%E6%A4%8D%E9%A2%86%E5%85%BB%23,206讨论 0阅读
中山大学南校区新年舞会,https://s.weibo.com/weibo/%23%E4%B8%AD%E5%B1%B1%E5%A4%A7%E5%AD%A6%E5%8D%97%E6%A0%A1%E5%8C%BA%E6%96%B0%E5%B9%B4%E8%88%9E%E4%BC%9A%23,175讨论 0阅读
中山大学发布天琴计划,https://s.weibo.com/weibo/%23%E4%B8%AD%E5%B1%B1%E5%A4%A7%E5%AD%A6%E5%8F%91%E5%B8%83%E5%A4%A9%E7%90%B4%E8%AE%A1%E5%88%92%23,201讨论 53.6万阅读
中山大学优秀班主任、导师,https://s.weibo.com/weibo/%23%E4%B8%AD%E5%B1%B1%E5%A4%A7%E5%AD%A6%E4%BC%98%E7%A7%80%E7%8F%AD%E4%B8%BB%E4%BB%BB%E3%80%81%E5%AF%BC%E5%B8%88%23,182讨论 0阅读
中山大学行政楼,https://s.weibo.com/weibo/%23%E4%B8%AD%E5%B1%B1%E5%A4%A7%E5%AD%A6%E8%A1%8C%E6%94%BF%E6%A5%BC%23,122讨论 0阅读
中山大学年度人物颁奖,https://s.weibo.com/weibo/%23%E4%B8%AD%E5%B1%B1%E5%A4%A7%E5%AD%A6%E5%B9%B4%E5%BA%A6%E4%BA%BA%E7%89%A9%E9%A2%81%E5%A5%96%23,137讨论 0阅读
中山大学十大公益实践精品,https://s.weibo.com/weibo/%23%E4%B8%AD%E5%B1%B1%E5%A4%A7%E5%AD%A6%E5%8D%81%E5%A4%A7%E5%85%AC%E7%9B%8A%E5%AE%9E%E8%B7%B5%E7%B2%BE%E5%93%81%23,117讨论 42阅读
中山大学南校区春晖饭堂,https://s.weibo.com/weibo/%23%E4%B8%AD%E5%B1%B1%E5%A4%A7%E5%AD%A6%E5%8D%97%E6%A0%A1%E5%8C%BA%E6%98%A5%E6%99%96%E9%A5%AD%E5%A0%82%23,122讨论 0阅读
中山大学珠海校区榕园8号,https://s.weibo.com/weibo/%23%E4%B8%AD%E5%B1%B1%E5%A4%A7%E5%AD%A6%E7%8F%A0%E6%B5%B7%E6%A0%A1%E5%8C%BA%E6%A6%95%E5%9B%AD8%E5%8F%B7%23,133讨论 0阅读
中山大学出版社新书推荐,https://s.weibo.com/weibo/%23%E4%B8%AD%E5%B1%B1%E5%A4%A7%E5%AD%A6%E5%87%BA%E7%89%88%E7%A4%BE%E6%96%B0%E4%B9%A6%E6%8E%A8%E8%8D%90%23,100讨论 92阅读
中山大学校花婚礼,https://s.weibo.com/weibo?q=%23%E4%B8%AD%E5%B1%B1%E5%A4%A7%E5%AD%A6%E6%A0%A1%E8%8A%B1%E5%A9%9A%E7%A4%BC%23,248讨论 6.8万阅读
中山大学哲学系毕业照,https://s.weibo.com/weibo/%23%E4%B8%AD%E5%B1%B1%E5%A4%A7%E5%AD%A6%E5%93%B2%E5%AD%A6%E7%B3%BB%E6%AF%95%E4%B8%9A%E7%85%A7%23,320讨论 8.5万阅读
中山大学2012招生宣传片正式版,https://s.weibo.com/weibo?q=%23%E4%B8%AD%E5%B1%B1%E5%A4%A7%E5%AD%A62012%E6%8B%9B%E7%94%9F%E5%AE%A3%E4%BC%A0%E7%89%87%E6%AD%A3%E5%BC%8F%E7%89%88%23,107讨论 54阅读
中山大学东校区至善园二号,https://s.weibo.com/weibo/%23%E4%B8%AD%E5%B1%B1%E5%A4%A7%E5%AD%A6%E4%B8%9C%E6%A0%A1%E5%8C%BA%E8%87%B3%E5%96%84%E5%9B%AD%E4%BA%8C%E5%8F%B7%23,160讨论 5412阅读
中山大学年度人物,https://s.weibo.com/weibo/%23%E4%B8%AD%E5%B1%B1%E5%A4%A7%E5%AD%A6%E5%B9%B4%E5%BA%A6%E4%BA%BA%E7%89%A9%23,135讨论 364阅读
中山大学古墓葬受破坏严重,https://s.weibo.com/weibo?q=%23%E4%B8%AD%E5%B1%B1%E5%A4%A7%E5%AD%A6%E5%8F%A4%E5%A2%93%E8%91%AC%E5%8F%97%E7%A0%B4%E5%9D%8F%E4%B8%A5%E9%87%8D%23,115讨论 98.4万阅读
中山大学性骚扰事件,https://s.weibo.com/weibo/%23%E4%B8%AD%E5%B1%B1%E5%A4%A7%E5%AD%A6%E6%80%A7%E9%AA%9A%E6%89%B0%E4%BA%8B%E4%BB%B6%23,244讨论 9万阅读
2012中山大学年度人物,https://s.weibo.com/weibo/%232012%E4%B8%AD%E5%B1%B1%E5%A4%A7%E5%AD%A6%E5%B9%B4%E5%BA%A6%E4%BA%BA%E7%89%A9%23,164讨论 0阅读
中山大学数学与计算科学学院2014级,https://s.weibo.com/weibo/%23%E4%B8%AD%E5%B1%B1%E5%A4%A7%E5%AD%A6%E6%95%B0%E5%AD%A6%E4%B8%8E%E8%AE%A1%E7%AE%97%E7%A7%91%E5%AD%A6%E5%AD%A6%E9%99%A22014%E7%BA%A7%23,77讨论 756阅读
中山大学信息科学与技术学院,https://s.weibo.com/weibo/%23%E4%B8%AD%E5%B1%B1%E5%A4%A7%E5%AD%A6%E4%BF%A1%E6%81%AF%E7%A7%91%E5%AD%A6%E4%B8%8E%E6%8A%80%E6%9C%AF%E5%AD%A6%E9%99%A2%23,83讨论 432阅读
中山大学生物楼,https://s.weibo.com/weibo/%23%E4%B8%AD%E5%B1%B1%E5%A4%A7%E5%AD%A6%E7%94%9F%E7%89%A9%E6%A5%BC%23,100讨论 0阅读
中山大学校园发现古墓,https://s.weibo.com/weibo?q=%23%E4%B8%AD%E5%B1%B1%E5%A4%A7%E5%AD%A6%E6%A0%A1%E5%9B%AD%E5%8F%91%E7%8E%B0%E5%8F%A4%E5%A2%93%23,82讨论 33.4万阅读
中山大学地环大楼,https://s.weibo.com/weibo/%23%E4%B8%AD%E5%B1%B1%E5%A4%A7%E5%AD%A6%E5%9C%B0%E7%8E%AF%E5%A4%A7%E6%A5%BC%23,69讨论 432阅读
中山大学09级社会工作班,https://s.weibo.com/weibo/%23%E4%B8%AD%E5%B1%B1%E5%A4%A7%E5%AD%A609%E7%BA%A7%E7%A4%BE%E4%BC%9A%E5%B7%A5%E4%BD%9C%E7%8F%AD%23,69讨论 0阅读
中山大学工学院第八届师生运动会,https://s.weibo.com/weibo?q=%23%E4%B8%AD%E5%B1%B1%E5%A4%A7%E5%AD%A6%E5%B7%A5%E5%AD%A6%E9%99%A2%E7%AC%AC%E5%85%AB%E5%B1%8A%E5%B8%88%E7%94%9F%E8%BF%90%E5%8A%A8%E4%BC%9A%23,59讨论 0阅读
中山大学南校区学一食堂,https://s.weibo.com/weibo/%23%E4%B8%AD%E5%B1%B1%E5%A4%A7%E5%AD%A6%E5%8D%97%E6%A0%A1%E5%8C%BA%E5%AD%A6%E4%B8%80%E9%A3%9F%E5%A0%82%23,81讨论 970阅读
中山大学孙逸仙纪念医院免费讲座,https://s.weibo.com/weibo/%23%E4%B8%AD%E5%B1%B1%E5%A4%A7%E5%AD%A6%E5%AD%99%E9%80%B8%E4%BB%99%E7%BA%AA%E5%BF%B5%E5%8C%BB%E9%99%A2%E5%85%8D%E8%B4%B9%E8%AE%B2%E5%BA%A7%23,97讨论 1.3万阅读
中山大学大草坪,https://s.weibo.com/weibo/%23%E4%B8%AD%E5%B1%B1%E5%A4%A7%E5%AD%A6%E5%A4%A7%E8%8D%89%E5%9D%AA%23,78讨论 730阅读
中山大学附属东华医院旗峰分院,https://s.weibo.com/weibo/%23%E4%B8%AD%E5%B1%B1%E5%A4%A7%E5%AD%A6%E9%99%84%E5%B1%9E%E4%B8%9C%E5%8D%8E%E5%8C%BB%E9%99%A2%E6%97%97%E5%B3%B0%E5%88%86%E9%99%A2%23,77讨论 0阅读
中山大学北校区新教学楼,https://s.weibo.com/weibo/%23%E4%B8%AD%E5%B1%B1%E5%A4%A7%E5%AD%A6%E5%8C%97%E6%A0%A1%E5%8C%BA%E6%96%B0%E6%95%99%E5%AD%A6%E6%A5%BC%23,47讨论 0阅读
中山大学体育场馆,https://s.weibo.com/weibo/%23%E4%B8%AD%E5%B1%B1%E5%A4%A7%E5%AD%A6%E4%BD%93%E8%82%B2%E5%9C%BA%E9%A6%86%23,62讨论 0阅读
中山大学男生亲了校长一口,https://s.weibo.com/weibo/%23%E4%B8%AD%E5%B1%B1%E5%A4%A7%E5%AD%A6%E7%94%B7%E7%94%9F%E4%BA%B2%E4%BA%86%E6%A0%A1%E9%95%BF%E4%B8%80%E5%8F%A3%23,178讨论 3.9万阅读
2011年中山大学十大人物评选投票,https://s.weibo.com/weibo/%232011%E5%B9%B4%E4%B8%AD%E5%B1%B1%E5%A4%A7%E5%AD%A6%E5%8D%81%E5%A4%A7%E4%BA%BA%E7%89%A9%E8%AF%84%E9%80%89%E6%8A%95%E7%A5%A8%23,88讨论 0阅读
岭南论坛 中山大学,https://s.weibo.com/weibo/%23%E5%B2%AD%E5%8D%97%E8%AE%BA%E5%9D%9B%20%E4%B8%AD%E5%B1%B1%E5%A4%A7%E5%AD%A6%23,210讨论 4.7万阅读
中山大学不再通过综合评价招生,https://s.weibo.com/weibo?q=%23%E4%B8%AD%E5%B1%B1%E5%A4%A7%E5%AD%A6%E4%B8%8D%E5%86%8D%E9%80%9A%E8%BF%87%E7%BB%BC%E5%90%88%E8%AF%84%E4%BB%B7%E6%8B%9B%E7%94%9F%23,19讨论 23.7万阅读
中山大学拟大规模改建,https://s.weibo.com/weibo/%23%E4%B8%AD%E5%B1%B1%E5%A4%A7%E5%AD%A6%E6%8B%9F%E5%A4%A7%E8%A7%84%E6%A8%A1%E6%94%B9%E5%BB%BA%23,43讨论 11.7万阅读
中山大学3名传谣者被记过,https://s.weibo.com/weibo?q=%23%E4%B8%AD%E5%B1%B1%E5%A4%A7%E5%AD%A63%E5%90%8D%E4%BC%A0%E8%B0%A3%E8%80%85%E8%A2%AB%E8%AE%B0%E8%BF%87%23,21讨论 1.3万阅读
中山大学校徽被玩坏了,https://s.weibo.com/weibo/%23%E4%B8%AD%E5%B1%B1%E5%A4%A7%E5%AD%A6%E6%A0%A1%E5%BE%BD%E8%A2%AB%E7%8E%A9%E5%9D%8F%E4%BA%86%23,65讨论 65.2万阅读
中山大学上海交大天琴合作,https://s.weibo.com/weibo?q=%23%E4%B8%AD%E5%B1%B1%E5%A4%A7%E5%AD%A6%E4%B8%8A%E6%B5%B7%E4%BA%A4%E5%A4%A7%E5%A4%A9%E7%90%B4%E5%90%88%E4%BD%9C%23,13讨论 7740阅读
中山大学十家附属医院投入超5000人抗疫,https://s.weibo.com/weibo?q=%23%E4%B8%AD%E5%B1%B1%E5%A4%A7%E5%AD%A6%E5%8D%81%E5%AE%B6%E9%99%84%E5%B1%9E%E5%8C%BB%E9%99%A2%E6%8A%95%E5%85%A5%E8%B6%855000%E4%BA%BA%E6%8A%97%E7%96%AB%23,17讨论 1万阅读
中山大学三位学生传播谣言被记过,https://s.weibo.com/weibo?q=%23%E4%B8%AD%E5%B1%B1%E5%A4%A7%E5%AD%A6%E4%B8%89%E4%BD%8D%E5%AD%A6%E7%94%9F%E4%BC%A0%E6%92%AD%E8%B0%A3%E8%A8%80%E8%A2%AB%E8%AE%B0%E8%BF%87%23,36讨论 34.9万阅读
中山大学3名传谣学生被记过处分,https://s.weibo.com/weibo?q=%23%E4%B8%AD%E5%B1%B1%E5%A4%A7%E5%AD%A63%E5%90%8D%E4%BC%A0%E8%B0%A3%E5%AD%A6%E7%94%9F%E8%A2%AB%E8%AE%B0%E8%BF%87%E5%A4%84%E5%88%86%23,5讨论 2868阅读
中山大学对3名传谣学生记过处分,https://s.weibo.com/weibo?q=%23%E4%B8%AD%E5%B1%B1%E5%A4%A7%E5%AD%A6%E5%AF%B93%E5%90%8D%E4%BC%A0%E8%B0%A3%E5%AD%A6%E7%94%9F%E8%AE%B0%E8%BF%87%E5%A4%84%E5%88%86%23,5讨论 2868阅读
中山大学解聘教师王晓玮,https://s.weibo.com/weibo?q=%23%E4%B8%AD%E5%B1%B1%E5%A4%A7%E5%AD%A6%E8%A7%A3%E8%81%98%E6%95%99%E5%B8%88%E7%8E%8B%E6%99%93%E7%8E%AE%23,48讨论 171.9万阅读
云南临沧两学子圆梦中山大学,https://s.weibo.com/weibo?q=%23%E4%BA%91%E5%8D%97%E4%B8%B4%E6%B2%A7%E4%B8%A4%E5%AD%A6%E5%AD%90%E5%9C%86%E6%A2%A6%E4%B8%AD%E5%B1%B1%E5%A4%A7%E5%AD%A6%23,66讨论 3.7万阅读
中山大学通报教师上网课不当行为,https://s.weibo.com/weibo?q=%23%E4%B8%AD%E5%B1%B1%E5%A4%A7%E5%AD%A6%E9%80%9A%E6%8A%A5%E6%95%99%E5%B8%88%E4%B8%8A%E7%BD%91%E8%AF%BE%E4%B8%8D%E5%BD%93%E8%A1%8C%E4%B8%BA%23,35讨论 45.7万阅读
廉江市实验学校36名同学考入中山大学,https://s.weibo.com/weibo?q=%23%E5%BB%89%E6%B1%9F%E5%B8%82%E5%AE%9E%E9%AA%8C%E5%AD%A6%E6%A0%A136%E5%90%8D%E5%90%8C%E5%AD%A6%E8%80%83%E5%85%A5%E4%B8%AD%E5%B1%B1%E5%A4%A7%E5%AD%A6%23,19讨论 28万阅读
中山大学与王晓玮解聘,https://s.weibo.com/weibo?q=%23%E4%B8%AD%E5%B1%B1%E5%A4%A7%E5%AD%A6%E4%B8%8E%E7%8E%8B%E6%99%93%E7%8E%AE%E8%A7%A3%E8%81%98%23,65讨论 87万阅读
中山大学首封录取通知书发给肇庆新生,https://s.weibo.com/weibo?q=%23%E4%B8%AD%E5%B1%B1%E5%A4%A7%E5%AD%A6%E9%A6%96%E5%B0%81%E5%BD%95%E5%8F%96%E9%80%9A%E7%9F%A5%E4%B9%A6%E5%8F%91%E7%BB%99%E8%82%87%E5%BA%86%E6%96%B0%E7%94%9F%23,35讨论 521.8万阅读
中山大学号试航成功,https://s.weibo.com/weibo?q=%23%E4%B8%AD%E5%B1%B1%E5%A4%A7%E5%AD%A6%E5%8F%B7%E8%AF%95%E8%88%AA%E6%88%90%E5%8A%9F%23,5讨论 13.6万阅读
中山大学开发新冠病毒纳米颗粒疫苗,https://s.weibo.com/weibo?q=%23%E4%B8%AD%E5%B1%B1%E5%A4%A7%E5%AD%A6%E5%BC%80%E5%8F%91%E6%96%B0%E5%86%A0%E7%97%85%E6%AF%92%E7%BA%B3%E7%B1%B3%E9%A2%97%E7%B2%92%E7%96%AB%E8%8B%97%23,13讨论 25.9万阅读
中山大学向廉江市实验学校发来喜报,https://s.weibo.com/weibo?q=%23%E4%B8%AD%E5%B1%B1%E5%A4%A7%E5%AD%A6%E5%90%91%E5%BB%89%E6%B1%9F%E5%B8%82%E5%AE%9E%E9%AA%8C%E5%AD%A6%E6%A0%A1%E5%8F%91%E6%9D%A5%E5%96%9C%E6%8A%A5%23,21讨论 38万阅读
中山大学回应教师网课时与多人低俗聊天,https://s.weibo.com/weibo?q=%23%E4%B8%AD%E5%B1%B1%E5%A4%A7%E5%AD%A6%E5%9B%9E%E5%BA%94%E6%95%99%E5%B8%88%E7%BD%91%E8%AF%BE%E6%97%B6%E4%B8%8E%E5%A4%9A%E4%BA%BA%E4%BD%8E%E4%BF%97%E8%81%8A%E5%A4%A9%23,21讨论 15万阅读
中山大学对王晓玮予以解聘,https://s.weibo.com/weibo?q=%23%E4%B8%AD%E5%B1%B1%E5%A4%A7%E5%AD%A6%E5%AF%B9%E7%8E%8B%E6%99%93%E7%8E%AE%E4%BA%88%E4%BB%A5%E8%A7%A3%E8%81%98%23,25讨论 26.5万阅读
中山大学提出用核技术灭蚊子,https://s.weibo.com/weibo?q=%23%E4%B8%AD%E5%B1%B1%E5%A4%A7%E5%AD%A6%E6%8F%90%E5%87%BA%E7%94%A8%E6%A0%B8%E6%8A%80%E6%9C%AF%E7%81%AD%E8%9A%8A%E5%AD%90%23,139讨论 8.6万阅读
